timestamp,temperature,humidity,lumiere,co2,sol
2025-04-01 00:00:00,18.4,95.0,0.0,800.0,50.0
2025-04-01 00:05:00,18.5,95.0,0.0,800.0,50.0
2025-04-01 00:10:00,18.2,95.0,0.0,800.0,50.0
2025-04-01 00:15:00,18.9,95.0,0.0,800.0,50.0
2025-04-01 00:20:00,18.2,95.0,0.0,800.0,50.0
2025-04-01 00:25:00,18.2,95.0,0.0,800.0,50.0
2025-04-01 00:30:00,18.5,94.7,0.0,800.0,50.0
2025-04-01 00:35:00,17.8,95.0,0.0,800.0,50.0
2025-04-01 00:40:00,18.1,95.0,0.0,800.0,50.0
2025-04-01 00:45:00,18.2,95.0,0.0,800.0,50.0
2025-04-01 00:50:00,19.2,95.0,0.0,800.0,50.0
2025-04-01 00:55:00,18.7,94.7,0.0,800.0,50.0
2025-04-01 01:00:00,18.5,95.0,0.0,800.0,50.0
2025-04-01 01:05:00,18.3,95.0,0.0,800.0,50.0
2025-04-01 01:10:00,18.6,95.0,0.0,800.0,50.0
2025-04-01 01:15:00,18.7,95.0,0.0,800.0,50.0
2025-04-01 01:20:00,18.9,94.3,0.0,800.0,50.0
2025-04-01 01:25:00,19.3,93.7,0.0,800.0,50.0
2025-04-01 01:30:00,19.2,91.9,0.0,800.0,50.0
2025-04-01 01:35:00,18.6,95.0,0.0,800.0,50.0
2025-04-01 01:40:00,19.5,95.0,0.0,800.0,50.0
2025-04-01 01:45:00,19.2,94.4,0.0,800.0,50.0
2025-04-01 01:50:00,18.8,93.3,0.0,800.0,50.0
2025-04-01 01:55:00,19.3,95.0,0.0,800.0,50.0
2025-04-01 02:00:00,19.7,90.6,0.0,800.0,50.0
2025-04-01 02:05:00,19.7,93.1,0.0,800.0,50.0
2025-04-01 02:10:00,19.4,94.7,0.0,800.0,50.0
2025-04-01 02:15:00,20.2,95.0,0.0,800.0,50.0
2025-04-01 02:20:00,19.5,92.2,0.0,800.0,50.0
2025-04-01 02:25:00,20.1,94.5,0.0,800.0,50.0
2025-04-01 02:30:00,19.8,91.8,0.0,800.0,50.0
2025-04-01 02:35:00,19.7,89.4,0.0,800.0,50.0
2025-04-01 02:40:00,20.5,94.2,0.0,800.0,50.0
2025-04-01 02:45:00,20.2,93.1,0.0,800.0,50.0
2025-04-01 02:50:00,20.5,89.5,0.0,800.0,50.0
2025-04-01 02:55:00,20.6,93.5,0.0,800.0,50.0
2025-04-01 03:00:00,20.5,93.1,0.0,800.0,50.0
2025-04-01 03:05:00,19.6,91.3,0.0,800.0,50.0
2025-04-01 03:10:00,20.8,88.6,0.0,800.0,50.0
2025-04-01 03:15:00,20.9,84.9,0.0,800.0,50.0
2025-04-01 03:20:00,20.8,89.2,0.0,800.0,50.0
2025-04-01 03:25:00,21.6,87.0,0.0,800.0,50.0
2025-04-01 03:30:00,20.8,86.7,0.0,800.0,50.0
2025-04-01 03:35:00,21.6,87.9,0.0,800.0,50.0
2025-04-01 03:40:00,21.1,87.9,0.0,800.0,50.0
2025-04-01 03:45:00,21.5,88.4,0.0,800.0,50.0
2025-04-01 03:50:00,21.3,85.4,0.0,800.0,50.0
2025-04-01 03:55:00,21.5,82.7,0.0,800.0,50.0
2025-04-01 04:00:00,21.9,85.7,0.0,800.0,50.0
2025-04-01 04:05:00,21.9,84.3,0.0,800.0,50.0
2025-04-01 04:10:00,21.4,83.5,0.0,800.0,50.0
2025-04-01 04:15:00,21.9,82.3,0.0,800.0,50.0
2025-04-01 04:20:00,22.1,84.3,0.0,800.0,50.0
2025-04-01 04:25:00,23.0,83.4,0.0,800.0,50.0
2025-04-01 04:30:00,22.5,82.5,0.0,800.0,50.0
2025-04-01 04:35:00,21.7,82.1,0.0,800.0,50.0
2025-04-01 04:40:00,22.6,86.7,0.0,800.0,50.0
2025-04-01 04:45:00,22.6,81.9,0.0,800.0,50.0
2025-04-01 04:50:00,22.8,78.5,0.0,800.0,50.0
2025-04-01 04:55:00,23.4,81.9,0.0,800.0,50.0
2025-04-01 05:00:00,23.4,78.2,0.0,800.0,50.0
2025-04-01 05:05:00,23.7,76.8,0.0,800.0,50.0
2025-04-01 05:10:00,23.5,83.5,0.0,800.0,50.0
2025-04-01 05:15:00,23.0,77.6,0.0,800.0,50.0
2025-04-01 05:20:00,23.5,77.2,0.0,800.0,50.0
2025-04-01 05:25:00,23.0,78.0,0.0,800.0,50.0
2025-04-01 05:30:00,23.3,78.3,0.0,800.0,50.0
2025-04-01 05:35:00,23.4,80.1,0.0,800.0,50.0
2025-04-01 05:40:00,23.6,75.9,0.0,800.0,50.0
2025-04-01 05:45:00,24.4,73.6,0.0,800.0,50.0
2025-04-01 05:50:00,24.2,78.3,0.0,800.0,50.0
2025-04-01 05:55:00,23.6,75.6,0.0,800.0,50.0
2025-04-01 06:00:00,24.4,76.4,171.0,800.0,50.0
2025-04-01 06:05:00,24.1,76.3,44.3,800.0,50.0
2025-04-01 06:10:00,24.6,77.1,25.9,800.0,50.0
2025-04-01 06:15:00,24.2,77.7,192.5,800.0,50.0
2025-04-01 06:20:00,24.4,77.5,191.6,800.0,50.0
2025-04-01 06:25:00,25.4,77.0,201.8,800.0,50.0
2025-04-01 06:30:00,24.9,74.8,208.7,800.0,50.0
2025-04-01 06:35:00,25.0,79.0,211.7,800.0,50.0
2025-04-01 06:40:00,25.1,82.1,66.4,800.0,50.0
2025-04-01 06:45:00,25.5,76.4,114.6,800.0,50.0
2025-04-01 06:50:00,25.5,76.7,222.4,800.0,50.0
2025-04-01 06:55:00,25.8,79.0,233.0,800.0,50.0
2025-04-01 07:00:00,25.6,84.4,256.7,800.0,50.0
2025-04-01 07:05:00,26.3,87.3,244.5,800.0,50.0
2025-04-01 07:10:00,25.8,84.5,279.3,800.0,50.0
2025-04-01 07:15:00,26.3,84.7,296.7,800.0,50.0
2025-04-01 07:20:00,26.1,87.4,286.3,800.0,50.0
2025-04-01 07:25:00,26.4,89.0,296.2,800.0,50.0
2025-04-01 07:30:00,26.5,87.1,289.1,800.0,50.0
2025-04-01 07:35:00,25.6,85.8,77.9,800.0,50.0
2025-04-01 07:40:00,25.5,85.7,320.5,800.0,50.0
2025-04-01 07:45:00,26.8,84.7,322.3,800.0,50.0
2025-04-01 07:50:00,26.6,81.5,78.0,800.0,50.0
2025-04-01 07:55:00,27.2,86.1,373.0,800.0,50.0
2025-04-01 08:00:00,25.8,83.2,365.3,800.0,50.0
2025-04-01 08:05:00,26.1,80.6,87.2,800.0,50.0
2025-04-01 08:10:00,27.0,78.2,376.1,800.0,50.0
2025-04-01 08:15:00,27.4,84.9,422.2,800.0,50.0
2025-04-01 08:20:00,26.9,77.3,425.1,800.0,50.0
2025-04-01 08:25:00,27.7,77.1,429.5,800.0,50.0
2025-04-01 08:30:00,27.0,77.9,466.9,800.0,50.0
2025-04-01 08:35:00,27.1,76.4,456.4,800.0,50.0
2025-04-01 08:40:00,27.8,81.0,451.9,800.0,50.0
2025-04-01 08:45:00,28.1,75.8,151.1,800.0,50.0
2025-04-01 08:50:00,28.1,75.8,481.8,800.0,50.0
2025-04-01 08:55:00,29.0,75.0,504.3,800.0,50.0
2025-04-01 09:00:00,28.4,61.4,108.5,800.0,50.0
2025-04-01 09:05:00,28.8,62.5,517.4,800.0,50.0
2025-04-01 09:10:00,28.7,62.0,527.6,800.0,50.0
2025-04-01 09:15:00,28.5,61.5,561.5,800.0,50.0
2025-04-01 09:20:00,28.1,56.7,572.7,800.0,50.0
2025-04-01 09:25:00,28.8,57.9,593.1,800.0,50.0
2025-04-01 09:30:00,28.9,58.0,608.3,800.0,50.0
2025-04-01 09:35:00,29.1,58.1,596.0,800.0,50.0
2025-04-01 09:40:00,29.1,54.8,614.0,800.0,50.0
2025-04-01 09:45:00,29.6,53.8,655.6,800.0,50.0
2025-04-01 09:50:00,29.9,52.4,645.2,800.0,50.0
2025-04-01 09:55:00,29.8,54.2,193.6,800.0,50.0
2025-04-01 10:00:00,30.0,60.4,667.8,800.0,50.0
2025-04-01 10:05:00,30.3,59.7,672.8,800.0,50.0
2025-04-01 10:10:00,29.6,60.9,315.0,800.0,50.0
2025-04-01 10:15:00,29.3,58.9,688.1,800.0,50.0
2025-04-01 10:20:00,29.2,63.4,701.5,800.0,50.0
2025-04-01 10:25:00,29.7,60.2,100.7,800.0,50.0
2025-04-01 10:30:00,30.3,58.5,729.4,800.0,50.0
2025-04-01 10:35:00,30.2,57.2,719.0,800.0,50.0
2025-04-01 10:40:00,30.4,60.1,238.6,800.0,50.0
2025-04-01 10:45:00,30.5,62.9,764.5,800.0,50.0
2025-04-01 10:50:00,30.9,63.7,791.7,800.0,50.0
2025-04-01 10:55:00,30.1,58.3,758.3,800.0,50.0
2025-04-01 11:00:00,30.9,56.4,351.1,800.0,50.0
2025-04-01 11:05:00,30.7,61.1,378.2,800.0,50.0
2025-04-01 11:10:00,30.9,63.0,808.2,800.0,50.0
2025-04-01 11:15:00,30.4,56.6,817.8,800.0,50.0
2025-04-01 11:20:00,30.7,60.6,780.1,800.0,50.0
2025-04-01 11:25:00,30.4,60.1,810.9,800.0,50.0
2025-04-01 11:30:00,30.6,57.0,372.5,800.0,50.0
2025-04-01 11:35:00,30.9,62.4,844.5,800.0,50.0
2025-04-01 11:40:00,30.8,58.8,828.0,800.0,50.0
2025-04-01 11:45:00,31.3,60.7,848.0,800.0,50.0
2025-04-01 11:50:00,30.6,62.4,102.8,800.0,50.0
2025-04-01 11:55:00,31.3,58.6,99.0,800.0,50.0
2025-04-01 12:00:00,31.2,57.2,854.7,800.0,50.0
2025-04-01 12:05:00,30.7,61.2,811.4,800.0,50.0
2025-04-01 12:10:00,31.4,58.2,845.9,800.0,50.0
2025-04-01 12:15:00,31.0,60.5,822.9,800.0,50.0
2025-04-01 12:20:00,29.9,61.0,847.2,800.0,50.0
2025-04-01 12:25:00,30.6,59.2,857.1,800.0,50.0
2025-04-01 12:30:00,30.6,63.4,843.3,800.0,50.0
2025-04-01 12:35:00,30.4,60.1,117.6,800.0,50.0
2025-04-01 12:40:00,30.0,61.5,878.5,800.0,50.0
2025-04-01 12:45:00,30.5,60.7,851.0,800.0,50.0
2025-04-01 12:50:00,30.8,61.0,838.2,800.0,50.0
2025-04-01 12:55:00,30.2,61.9,809.5,800.0,50.0
2025-04-01 13:00:00,30.1,58.3,850.0,800.0,50.0
2025-04-01 13:05:00,30.4,69.1,250.6,800.0,50.0
2025-04-01 13:10:00,29.6,63.5,831.9,800.0,50.0
2025-04-01 13:15:00,30.2,61.2,820.9,800.0,50.0
2025-04-01 13:20:00,30.8,65.4,813.1,800.0,50.0
2025-04-01 13:25:00,30.1,68.6,836.6,800.0,50.0
2025-04-01 13:30:00,29.6,63.8,836.9,800.0,50.0
2025-04-01 13:35:00,29.4,60.6,824.4,800.0,50.0
2025-04-01 13:40:00,29.3,65.8,119.8,800.0,50.0
2025-04-01 13:45:00,29.5,63.8,352.9,800.0,50.0
2025-04-01 13:50:00,29.7,63.6,796.4,800.0,50.0
2025-04-01 13:55:00,29.5,66.0,787.3,800.0,50.0
2025-04-01 14:00:00,29.6,63.9,806.1,800.0,50.0
2025-04-01 14:05:00,30.0,68.0,164.7,800.0,50.0
2025-04-01 14:10:00,29.3,61.0,762.8,800.0,50.0
2025-04-01 14:15:00,28.8,68.1,194.5,800.0,50.0
2025-04-01 14:20:00,28.7,67.2,732.0,800.0,50.0
2025-04-01 14:25:00,29.2,69.7,743.2,800.0,50.0
2025-04-01 14:30:00,27.8,66.2,724.5,800.0,50.0
2025-04-01 14:35:00,28.7,69.1,735.7,800.0,50.0
2025-04-01 14:40:00,28.7,67.7,697.0,800.0,50.0
2025-04-01 14:45:00,28.3,70.0,706.8,800.0,50.0
2025-04-01 14:50:00,28.6,68.6,676.9,800.0,50.0
2025-04-01 14:55:00,28.6,68.3,636.3,800.0,50.0
2025-04-01 15:00:00,28.0,73.4,655.0,800.0,50.0
2025-04-01 15:05:00,28.2,72.2,648.8,800.0,50.0
2025-04-01 15:10:00,27.1,73.1,275.0,800.0,50.0
2025-04-01 15:15:00,28.5,71.5,144.0,800.0,50.0
2025-04-01 15:20:00,27.7,69.8,208.1,800.0,50.0
2025-04-01 15:25:00,27.4,74.0,255.8,800.0,50.0
2025-04-01 15:30:00,27.0,70.4,582.3,800.0,50.0
2025-04-01 15:35:00,26.7,74.7,591.2,800.0,50.0
2025-04-01 15:40:00,26.9,76.9,548.6,800.0,50.0
2025-04-01 15:45:00,26.4,73.9,564.8,800.0,50.0
2025-04-01 15:50:00,26.7,73.9,217.3,800.0,50.0
2025-04-01 15:55:00,26.3,74.6,538.7,800.0,50.0
2025-04-01 16:00:00,26.2,83.7,150.3,800.0,50.0
2025-04-01 16:05:00,26.7,83.6,504.8,800.0,50.0
2025-04-01 16:10:00,25.4,83.4,529.1,800.0,50.0
2025-04-01 16:15:00,25.8,82.9,476.8,800.0,50.0
2025-04-01 16:20:00,25.0,81.2,463.1,800.0,50.0
2025-04-01 16:25:00,25.5,87.5,442.2,800.0,50.0
2025-04-01 16:30:00,25.0,82.4,35.0,800.0,50.0
2025-04-01 16:35:00,24.9,85.4,440.8,800.0,50.0
2025-04-01 16:40:00,24.3,87.3,414.4,800.0,50.0
2025-04-01 16:45:00,24.1,91.8,163.5,800.0,50.0
2025-04-01 16:50:00,24.4,86.8,433.5,800.0,50.0
2025-04-01 16:55:00,23.7,90.3,343.5,800.0,50.0
2025-04-01 17:00:00,24.5,83.9,43.1,800.0,50.0
2025-04-01 17:05:00,23.5,86.2,84.9,800.0,50.0
2025-04-01 17:10:00,24.0,91.4,76.8,800.0,50.0
2025-04-01 17:15:00,23.0,88.3,345.8,800.0,50.0
2025-04-01 17:20:00,23.1,89.3,338.2,800.0,50.0
2025-04-01 17:25:00,23.2,89.5,334.3,800.0,50.0
2025-04-01 17:30:00,22.6,88.7,311.3,800.0,50.0
2025-04-01 17:35:00,22.2,92.9,293.3,800.0,50.0
2025-04-01 17:40:00,22.0,89.8,262.6,800.0,50.0
2025-04-01 17:45:00,22.6,89.3,302.3,800.0,50.0
2025-04-01 17:50:00,21.4,91.2,258.0,800.0,50.0
2025-04-01 17:55:00,22.1,92.7,273.2,800.0,50.0
2025-04-01 18:00:00,21.6,87.9,83.6,800.0,50.0
2025-04-01 18:05:00,21.8,84.4,231.9,800.0,50.0
2025-04-01 18:10:00,21.4,86.7,50.8,800.0,50.0
2025-04-01 18:15:00,20.8,87.2,194.9,800.0,50.0
2025-04-01 18:20:00,20.8,87.9,57.1,800.0,50.0
2025-04-01 18:25:00,21.5,85.2,211.3,800.0,50.0
2025-04-01 18:30:00,19.9,85.1,190.3,800.0,50.0
2025-04-01 18:35:00,20.6,85.2,196.4,800.0,50.0
2025-04-01 18:40:00,19.9,85.7,188.6,800.0,50.0
2025-04-01 18:45:00,19.4,93.0,168.0,800.0,50.0
2025-04-01 18:50:00,19.6,90.6,25.2,800.0,50.0
2025-04-01 18:55:00,19.8,94.7,156.9,800.0,50.0
2025-04-01 19:00:00,20.4,90.5,88.9,800.0,50.0
2025-04-01 19:05:00,20.4,87.3,138.9,800.0,50.0
2025-04-01 19:10:00,20.6,92.7,112.1,800.0,50.0
2025-04-01 19:15:00,20.7,88.5,129.0,800.0,50.0
2025-04-01 19:20:00,20.3,92.7,145.7,800.0,50.0
2025-04-01 19:25:00,20.5,90.9,130.1,800.0,50.0
2025-04-01 19:30:00,20.2,92.6,21.4,800.0,50.0
2025-04-01 19:35:00,20.3,92.4,119.9,800.0,50.0
2025-04-01 19:40:00,19.6,94.6,105.9,800.0,50.0
2025-04-01 19:45:00,19.6,92.3,33.0,800.0,50.0
2025-04-01 19:50:00,20.2,91.7,43.1,800.0,50.0
2025-04-01 19:55:00,19.7,95.0,67.7,800.0,50.0
2025-04-01 20:00:00,19.0,95.0,49.0,800.0,50.0
2025-04-01 20:05:00,19.5,95.0,71.0,800.0,50.0
2025-04-01 20:10:00,20.3,94.0,52.0,800.0,50.0
2025-04-01 20:15:00,18.6,93.3,29.6,800.0,50.0
2025-04-01 20:20:00,18.8,93.2,68.9,800.0,50.0
2025-04-01 20:25:00,19.2,95.0,50.9,800.0,50.0
2025-04-01 20:30:00,19.0,94.2,61.6,800.0,50.0
2025-04-01 20:35:00,19.3,93.9,64.8,800.0,50.0
2025-04-01 20:40:00,19.4,95.0,46.3,800.0,50.0
2025-04-01 20:45:00,18.7,95.0,44.5,800.0,50.0
2025-04-01 20:50:00,18.6,95.0,71.2,800.0,50.0
2025-04-01 20:55:00,18.5,95.0,54.2,800.0,50.0
2025-04-01 21:00:00,18.4,95.0,0.0,800.0,50.0
2025-04-01 21:05:00,19.6,95.0,0.0,800.0,50.0
2025-04-01 21:10:00,18.3,95.0,0.0,800.0,50.0
2025-04-01 21:15:00,18.4,95.0,0.0,800.0,50.0
2025-04-01 21:20:00,18.7,95.0,0.0,800.0,50.0
2025-04-01 21:25:00,18.1,95.0,0.0,800.0,50.0
2025-04-01 21:30:00,17.7,95.0,0.0,800.0,50.0
2025-04-01 21:35:00,18.7,95.0,0.0,800.0,50.0
2025-04-01 21:40:00,18.0,95.0,0.0,800.0,50.0
2025-04-01 21:45:00,18.6,95.0,0.0,800.0,50.0
2025-04-01 21:50:00,16.9,95.0,0.0,800.0,50.0
2025-04-01 21:55:00,18.7,95.0,0.0,800.0,50.0
2025-04-01 22:00:00,18.7,95.0,0.0,800.0,50.0
2025-04-01 22:05:00,17.5,95.0,0.0,800.0,50.0
2025-04-01 22:10:00,18.3,95.0,0.0,800.0,50.0
2025-04-01 22:15:00,18.5,95.0,0.0,800.0,50.0
2025-04-01 22:20:00,18.3,95.0,0.0,800.0,50.0
2025-04-01 22:25:00,18.3,95.0,0.0,800.0,50.0
2025-04-01 22:30:00,18.5,95.0,0.0,800.0,50.0
2025-04-01 22:35:00,17.8,95.0,0.0,800.0,50.0
2025-04-01 22:40:00,17.9,95.0,0.0,800.0,50.0
2025-04-01 22:45:00,17.8,95.0,0.0,800.0,50.0
2025-04-01 22:50:00,18.2,95.0,0.0,800.0,50.0
2025-04-01 22:55:00,18.0,95.0,0.0,800.0,50.0
2025-04-01 23:00:00,18.4,95.0,0.0,800.0,50.0
2025-04-01 23:05:00,18.1,95.0,0.0,800.0,50.0
2025-04-01 23:10:00,18.4,95.0,0.0,800.0,50.0
2025-04-01 23:15:00,18.7,95.0,0.0,800.0,50.0
2025-04-01 23:20:00,18.2,95.0,0.0,800.0,50.0
2025-04-01 23:25:00,18.3,95.0,0.0,800.0,50.0
2025-04-01 23:30:00,18.6,95.0,0.0,800.0,50.0
2025-04-01 23:35:00,18.2,95.0,0.0,800.0,50.0
2025-04-01 23:40:00,18.1,95.0,0.0,800.0,50.0
2025-04-01 23:45:00,18.0,95.0,0.0,800.0,50.0
2025-04-01 23:50:00,17.4,95.0,0.0,800.0,50.0
2025-04-01 23:55:00,18.0,95.0,0.0,800.0,50.0
2025-04-02 00:00:00,18.4,95.0,0.0,800.0,50.0
2025-04-02 00:05:00,18.2,95.0,0.0,800.0,50.0
2025-04-02 00:10:00,18.6,95.0,0.0,800.0,50.0
2025-04-02 00:15:00,17.7,95.0,0.0,800.0,50.0
2025-04-02 00:20:00,17.9,95.0,0.0,800.0,50.0
2025-04-02 00:25:00,18.7,95.0,0.0,800.0,50.0
2025-04-02 00:30:00,18.9,95.0,0.0,800.0,50.0
2025-04-02 00:35:00,18.4,95.0,0.0,800.0,50.0
2025-04-02 00:40:00,18.5,95.0,0.0,800.0,50.0
2025-04-02 00:45:00,18.1,95.0,0.0,800.0,50.0
2025-04-02 00:50:00,19.0,95.0,0.0,800.0,50.0
2025-04-02 00:55:00,18.4,95.0,0.0,800.0,50.0
2025-04-02 01:00:00,18.8,95.0,0.0,800.0,50.0
2025-04-02 01:05:00,19.2,95.0,0.0,800.0,50.0
2025-04-02 01:10:00,19.1,95.0,0.0,800.0,50.0
2025-04-02 01:15:00,19.1,95.0,0.0,800.0,50.0
2025-04-02 01:20:00,19.3,95.0,0.0,800.0,50.0
2025-04-02 01:25:00,19.3,95.0,0.0,800.0,50.0
2025-04-02 01:30:00,18.8,95.0,0.0,800.0,50.0
2025-04-02 01:35:00,19.7,95.0,0.0,800.0,50.0
2025-04-02 01:40:00,18.9,95.0,0.0,800.0,50.0
2025-04-02 01:45:00,19.5,93.5,0.0,800.0,50.0
2025-04-02 01:50:00,18.9,94.1,0.0,800.0,50.0
2025-04-02 01:55:00,19.2,94.4,0.0,800.0,50.0
2025-04-02 02:00:00,18.9,95.0,0.0,800.0,50.0
2025-04-02 02:05:00,19.4,95.0,0.0,800.0,50.0
2025-04-02 02:10:00,19.6,93.5,0.0,800.0,50.0
2025-04-02 02:15:00,19.7,91.8,0.0,800.0,50.0
2025-04-02 02:20:00,20.9,91.9,0.0,800.0,50.0
2025-04-02 02:25:00,20.4,90.3,0.0,800.0,50.0
2025-04-02 02:30:00,20.2,93.1,0.0,800.0,50.0
2025-04-02 02:35:00,20.1,90.7,0.0,800.0,50.0
2025-04-02 02:40:00,20.1,90.7,0.0,800.0,50.0
2025-04-02 02:45:00,21.3,91.1,0.0,800.0,50.0
2025-04-02 02:50:00,20.6,94.3,0.0,800.0,50.0
2025-04-02 02:55:00,20.2,90.5,0.0,800.0,50.0
2025-04-02 03:00:00,20.5,89.8,0.0,800.0,50.0
2025-04-02 03:05:00,20.6,88.2,0.0,800.0,50.0
2025-04-02 03:10:00,20.9,87.1,0.0,800.0,50.0
2025-04-02 03:15:00,21.3,90.1,0.0,800.0,50.0
2025-04-02 03:20:00,20.8,87.6,0.0,800.0,50.0
2025-04-02 03:25:00,21.2,86.5,0.0,800.0,50.0
2025-04-02 03:30:00,21.9,88.4,0.0,800.0,50.0
2025-04-02 03:35:00,21.4,88.6,0.0,800.0,50.0
2025-04-02 03:40:00,21.2,89.0,0.0,800.0,50.0
2025-04-02 03:45:00,21.5,88.3,0.0,800.0,50.0
2025-04-02 03:50:00,21.5,88.6,0.0,800.0,50.0
2025-04-02 03:55:00,21.9,90.0,0.0,800.0,50.0
2025-04-02 04:00:00,21.7,85.6,0.0,800.0,50.0
2025-04-02 04:05:00,21.5,83.7,0.0,800.0,50.0
2025-04-02 04:10:00,22.3,86.6,0.0,800.0,50.0
2025-04-02 04:15:00,23.3,83.7,0.0,800.0,50.0
2025-04-02 04:20:00,21.9,85.0,0.0,800.0,50.0
2025-04-02 04:25:00,21.9,84.2,0.0,800.0,50.0
2025-04-02 04:30:00,22.2,83.0,0.0,800.0,50.0
2025-04-02 04:35:00,23.0,82.0,0.0,800.0,50.0
2025-04-02 04:40:00,23.0,83.5,0.0,800.0,50.0
2025-04-02 04:45:00,22.0,79.5,0.0,800.0,50.0
2025-04-02 04:50:00,22.3,84.9,0.0,800.0,50.0
2025-04-02 04:55:00,22.9,84.0,0.0,800.0,50.0
2025-04-02 05:00:00,22.4,78.9,0.0,800.0,50.0
2025-04-02 05:05:00,23.5,79.9,0.0,800.0,50.0
2025-04-02 05:10:00,23.5,76.6,0.0,800.0,50.0
2025-04-02 05:15:00,24.0,80.2,0.0,800.0,50.0
2025-04-02 05:20:00,23.7,76.9,0.0,800.0,50.0
2025-04-02 05:25:00,23.8,77.2,0.0,800.0,50.0
2025-04-02 05:30:00,23.1,77.3,0.0,800.0,50.0
2025-04-02 05:35:00,23.8,79.1,0.0,800.0,50.0
2025-04-02 05:40:00,23.1,77.0,0.0,800.0,50.0
2025-04-02 05:45:00,23.6,76.7,0.0,800.0,50.0
2025-04-02 05:50:00,24.3,75.5,0.0,800.0,50.0
2025-04-02 05:55:00,24.6,72.8,0.0,800.0,50.0
2025-04-02 06:00:00,24.8,73.4,50.6,800.0,50.0
2025-04-02 06:05:00,24.4,70.9,162.1,800.0,50.0
2025-04-02 06:10:00,24.0,74.5,152.8,800.0,50.0
2025-04-02 06:15:00,24.9,77.3,190.9,800.0,50.0
2025-04-02 06:20:00,25.0,76.8,175.5,800.0,50.0
2025-04-02 06:25:00,25.1,75.5,50.4,800.0,50.0
2025-04-02 06:30:00,25.0,74.3,196.7,800.0,50.0
2025-04-02 06:35:00,24.3,78.4,208.8,800.0,50.0
2025-04-02 06:40:00,24.4,82.6,228.6,800.0,50.0
2025-04-02 06:45:00,24.9,78.0,204.7,800.0,50.0
2025-04-02 06:50:00,25.5,75.6,226.3,800.0,50.0
2025-04-02 06:55:00,25.6,78.7,245.6,800.0,50.0
2025-04-02 07:00:00,25.6,90.9,250.3,800.0,50.0
2025-04-02 07:05:00,26.1,89.1,274.4,800.0,50.0
2025-04-02 07:10:00,25.4,90.0,270.7,800.0,50.0
2025-04-02 07:15:00,25.6,86.5,280.9,800.0,50.0
2025-04-02 07:20:00,26.1,89.3,282.2,800.0,50.0
2025-04-02 07:25:00,26.4,88.5,277.6,800.0,50.0
2025-04-02 07:30:00,26.4,87.1,304.1,800.0,50.0
2025-04-02 07:35:00,26.3,85.1,317.1,800.0,50.0
2025-04-02 07:40:00,25.8,81.7,312.7,800.0,50.0
2025-04-02 07:45:00,25.5,83.3,318.6,800.0,50.0
2025-04-02 07:50:00,26.5,82.6,339.1,800.0,50.0
2025-04-02 07:55:00,27.5,85.4,355.7,800.0,50.0
2025-04-02 08:00:00,26.5,82.7,351.1,800.0,50.0
2025-04-02 08:05:00,26.1,84.2,420.0,800.0,50.0
2025-04-02 08:10:00,27.2,82.5,406.3,800.0,50.0
2025-04-02 08:15:00,27.2,80.8,191.7,800.0,50.0
2025-04-02 08:20:00,26.9,79.3,405.4,800.0,50.0
2025-04-02 08:25:00,27.0,80.9,421.1,800.0,50.0
2025-04-02 08:30:00,27.9,75.0,433.3,800.0,50.0
2025-04-02 08:35:00,27.0,77.0,452.1,800.0,50.0
2025-04-02 08:40:00,27.9,73.7,469.0,800.0,50.0
2025-04-02 08:45:00,27.6,78.2,477.7,800.0,50.0
2025-04-02 08:50:00,28.1,73.7,509.1,800.0,50.0
2025-04-02 08:55:00,28.4,73.0,509.3,800.0,50.0
2025-04-02 09:00:00,27.8,66.2,511.4,800.0,50.0
2025-04-02 09:05:00,28.8,63.3,517.3,800.0,50.0
2025-04-02 09:10:00,28.5,63.4,543.7,800.0,50.0
2025-04-02 09:15:00,28.4,64.4,199.5,800.0,50.0
2025-04-02 09:20:00,28.7,60.0,80.2,800.0,50.0
2025-04-02 09:25:00,29.6,55.2,580.6,800.0,50.0
2025-04-02 09:30:00,29.0,62.7,594.9,800.0,50.0
2025-04-02 09:35:00,28.9,53.9,572.0,800.0,50.0
2025-04-02 09:40:00,29.5,59.3,596.0,800.0,50.0
2025-04-02 09:45:00,29.1,54.2,621.3,800.0,50.0
2025-04-02 09:50:00,29.6,51.7,642.8,800.0,50.0
2025-04-02 09:55:00,30.4,51.9,628.8,800.0,50.0
2025-04-02 10:00:00,30.4,61.5,660.1,800.0,50.0
2025-04-02 10:05:00,29.5,58.6,679.2,800.0,50.0
2025-04-02 10:10:00,29.8,58.7,700.3,800.0,50.0
2025-04-02 10:15:00,29.5,59.3,322.5,800.0,50.0
2025-04-02 10:20:00,30.1,61.9,736.6,800.0,50.0
2025-04-02 10:25:00,30.3,60.6,301.8,800.0,50.0
2025-04-02 10:30:00,30.5,62.1,147.9,800.0,50.0
2025-04-02 10:35:00,29.7,56.4,739.3,800.0,50.0
2025-04-02 10:40:00,31.2,57.8,740.9,800.0,50.0
2025-04-02 10:45:00,30.7,60.2,748.6,800.0,50.0
2025-04-02 10:50:00,30.7,61.2,756.3,800.0,50.0
2025-04-02 10:55:00,30.2,61.1,753.8,800.0,50.0
2025-04-02 11:00:00,30.5,60.3,775.0,800.0,50.0
2025-04-02 11:05:00,30.9,62.8,244.1,800.0,50.0
2025-04-02 11:10:00,30.2,59.4,798.1,800.0,50.0
2025-04-02 11:15:00,30.7,56.4,787.8,800.0,50.0
2025-04-02 11:20:00,30.3,59.8,812.2,800.0,50.0
2025-04-02 11:25:00,30.2,58.2,340.3,800.0,50.0
2025-04-02 11:30:00,30.5,60.0,818.2,800.0,50.0
2025-04-02 11:35:00,30.6,59.0,816.8,800.0,50.0
2025-04-02 11:40:00,30.8,58.8,832.8,800.0,50.0
2025-04-02 11:45:00,31.3,62.3,808.4,800.0,50.0
2025-04-02 11:50:00,30.4,60.1,814.2,800.0,50.0
2025-04-02 11:55:00,30.7,58.2,811.2,800.0,50.0
2025-04-02 12:00:00,31.1,62.2,218.3,800.0,50.0
2025-04-02 12:05:00,30.8,62.5,253.2,800.0,50.0
2025-04-02 12:10:00,30.4,60.9,864.1,800.0,50.0
2025-04-02 12:15:00,30.7,61.0,180.9,800.0,50.0
2025-04-02 12:20:00,30.7,64.6,835.9,800.0,50.0
2025-04-02 12:25:00,29.8,61.9,852.9,800.0,50.0
2025-04-02 12:30:00,30.4,63.6,826.0,800.0,50.0
2025-04-02 12:35:00,30.5,61.5,863.6,800.0,50.0
2025-04-02 12:40:00,30.9,62.5,839.4,800.0,50.0
2025-04-02 12:45:00,30.6,59.7,848.8,800.0,50.0
2025-04-02 12:50:00,31.3,62.5,107.8,800.0,50.0
2025-04-02 12:55:00,30.6,59.8,829.4,800.0,50.0
2025-04-02 13:00:00,30.7,65.0,147.0,800.0,50.0
2025-04-02 13:05:00,30.1,61.3,124.6,800.0,50.0
2025-04-02 13:10:00,30.6,65.8,829.9,800.0,50.0
2025-04-02 13:15:00,30.1,66.0,839.1,800.0,50.0
2025-04-02 13:20:00,29.9,63.7,816.6,800.0,50.0
2025-04-02 13:25:00,30.5,64.0,825.4,800.0,50.0
2025-04-02 13:30:00,30.3,65.3,810.5,800.0,50.0
2025-04-02 13:35:00,29.6,62.3,780.7,800.0,50.0
2025-04-02 13:40:00,30.1,65.0,800.7,800.0,50.0
2025-04-02 13:45:00,29.7,65.6,809.7,800.0,50.0
2025-04-02 13:50:00,29.8,65.8,788.0,800.0,50.0
2025-04-02 13:55:00,29.7,65.1,807.3,800.0,50.0
2025-04-02 14:00:00,29.8,67.3,778.1,800.0,50.0
2025-04-02 14:05:00,28.9,67.0,757.6,800.0,50.0
2025-04-02 14:10:00,29.3,63.5,763.5,800.0,50.0
2025-04-02 14:15:00,29.8,67.3,789.1,800.0,50.0
2025-04-02 14:20:00,29.8,68.4,760.4,800.0,50.0
2025-04-02 14:25:00,29.2,67.2,127.0,800.0,50.0
2025-04-02 14:30:00,28.7,66.1,725.9,800.0,50.0
2025-04-02 14:35:00,28.1,69.6,194.1,800.0,50.0
2025-04-02 14:40:00,28.7,71.4,262.1,800.0,50.0
2025-04-02 14:45:00,28.0,68.0,679.0,800.0,50.0
2025-04-02 14:50:00,29.0,68.5,655.1,800.0,50.0
2025-04-02 14:55:00,28.7,73.0,221.7,800.0,50.0
2025-04-02 15:00:00,28.5,68.9,254.0,800.0,50.0
2025-04-02 15:05:00,27.8,70.6,637.0,800.0,50.0
2025-04-02 15:10:00,28.6,73.2,626.5,800.0,50.0
2025-04-02 15:15:00,27.9,71.1,96.7,800.0,50.0
2025-04-02 15:20:00,27.9,70.2,613.8,800.0,50.0
2025-04-02 15:25:00,27.9,69.7,597.7,800.0,50.0
2025-04-02 15:30:00,26.8,72.1,611.4,800.0,50.0
2025-04-02 15:35:00,27.2,70.7,604.4,800.0,50.0
2025-04-02 15:40:00,26.7,73.7,558.9,800.0,50.0
2025-04-02 15:45:00,27.1,77.3,158.4,800.0,50.0
2025-04-02 15:50:00,26.5,70.4,555.6,800.0,50.0
2025-04-02 15:55:00,26.2,73.7,533.9,800.0,50.0
2025-04-02 16:00:00,25.7,77.1,67.8,800.0,50.0
2025-04-02 16:05:00,26.7,86.6,496.4,800.0,50.0
2025-04-02 16:10:00,26.0,81.5,202.0,800.0,50.0
2025-04-02 16:15:00,25.7,82.1,465.4,800.0,50.0
2025-04-02 16:20:00,25.4,85.3,462.0,800.0,50.0
2025-04-02 16:25:00,25.9,83.9,210.0,800.0,50.0
2025-04-02 16:30:00,25.2,83.1,453.4,800.0,50.0
2025-04-02 16:35:00,24.8,86.0,438.1,800.0,50.0
2025-04-02 16:40:00,24.7,85.0,430.4,800.0,50.0
2025-04-02 16:45:00,24.1,87.3,386.3,800.0,50.0
2025-04-02 16:50:00,24.4,87.8,383.9,800.0,50.0
2025-04-02 16:55:00,23.9,88.0,400.6,800.0,50.0
2025-04-02 17:00:00,23.9,88.3,359.5,800.0,50.0
2025-04-02 17:05:00,23.9,86.3,128.7,800.0,50.0
2025-04-02 17:10:00,23.8,90.7,376.0,800.0,50.0
2025-04-02 17:15:00,23.1,87.9,339.5,800.0,50.0
2025-04-02 17:20:00,23.2,92.5,126.1,800.0,50.0
2025-04-02 17:25:00,22.8,89.2,302.6,800.0,50.0
2025-04-02 17:30:00,22.3,90.8,302.0,800.0,50.0
2025-04-02 17:35:00,22.1,92.8,294.9,800.0,50.0
2025-04-02 17:40:00,22.2,91.5,279.5,800.0,50.0
2025-04-02 17:45:00,22.8,92.1,254.4,800.0,50.0
2025-04-02 17:50:00,22.3,95.0,259.5,800.0,50.0
2025-04-02 17:55:00,22.5,92.9,109.9,800.0,50.0
2025-04-02 18:00:00,21.5,87.2,243.3,800.0,50.0
2025-04-02 18:05:00,21.8,84.5,230.4,800.0,50.0
2025-04-02 18:10:00,21.1,86.9,218.2,800.0,50.0
2025-04-02 18:15:00,21.3,86.8,224.1,800.0,50.0
2025-04-02 18:20:00,21.0,87.7,229.2,800.0,50.0
2025-04-02 18:25:00,21.5,84.9,62.1,800.0,50.0
2025-04-02 18:30:00,21.4,88.1,198.5,800.0,50.0
2025-04-02 18:35:00,20.4,88.7,183.3,800.0,50.0
2025-04-02 18:40:00,21.1,89.2,199.8,800.0,50.0
2025-04-02 18:45:00,20.1,84.6,163.5,800.0,50.0
2025-04-02 18:50:00,19.8,91.2,55.1,800.0,50.0
2025-04-02 18:55:00,19.7,88.3,127.9,800.0,50.0
2025-04-02 19:00:00,21.1,93.0,150.0,800.0,50.0
2025-04-02 19:05:00,21.0,90.5,55.7,800.0,50.0
2025-04-02 19:10:00,20.9,88.5,17.5,800.0,50.0
2025-04-02 19:15:00,20.5,90.1,144.0,800.0,50.0
2025-04-02 19:20:00,20.3,95.0,141.8,800.0,50.0
2025-04-02 19:25:00,19.6,93.3,130.6,800.0,50.0
2025-04-02 19:30:00,20.2,91.7,100.5,800.0,50.0
2025-04-02 19:35:00,20.0,89.1,75.5,800.0,50.0
2025-04-02 19:40:00,19.0,94.6,101.7,800.0,50.0
2025-04-02 19:45:00,19.4,92.7,105.8,800.0,50.0
2025-04-02 19:50:00,19.9,93.0,108.0,800.0,50.0
2025-04-02 19:55:00,19.4,95.0,28.5,800.0,50.0
2025-04-02 20:00:00,19.2,94.3,85.3,800.0,50.0
2025-04-02 20:05:00,19.4,95.0,57.0,800.0,50.0
2025-04-02 20:10:00,19.8,93.0,42.0,800.0,50.0
2025-04-02 20:15:00,19.7,95.0,12.9,800.0,50.0
2025-04-02 20:20:00,19.6,94.0,12.1,800.0,50.0
2025-04-02 20:25:00,19.2,95.0,26.5,800.0,50.0
2025-04-02 20:30:00,19.2,95.0,65.2,800.0,50.0
2025-04-02 20:35:00,19.5,90.7,69.2,800.0,50.0
2025-04-02 20:40:00,19.6,95.0,53.8,800.0,50.0
2025-04-02 20:45:00,19.3,95.0,72.6,800.0,50.0
2025-04-02 20:50:00,18.5,95.0,46.2,800.0,50.0
2025-04-02 20:55:00,18.5,95.0,44.5,800.0,50.0
2025-04-02 21:00:00,19.4,95.0,0.0,800.0,50.0
2025-04-02 21:05:00,19.6,95.0,0.0,800.0,50.0
2025-04-02 21:10:00,18.6,95.0,0.0,800.0,50.0
2025-04-02 21:15:00,18.4,93.5,0.0,800.0,50.0
2025-04-02 21:20:00,18.5,94.0,0.0,800.0,50.0
2025-04-02 21:25:00,18.7,95.0,0.0,800.0,50.0
2025-04-02 21:30:00,18.1,95.0,0.0,800.0,50.0
2025-04-02 21:35:00,18.4,95.0,0.0,800.0,50.0
2025-04-02 21:40:00,18.8,95.0,0.0,800.0,50.0
2025-04-02 21:45:00,18.6,95.0,0.0,800.0,50.0
2025-04-02 21:50:00,18.5,95.0,0.0,800.0,50.0
2025-04-02 21:55:00,18.0,95.0,0.0,800.0,50.0
2025-04-02 22:00:00,17.9,95.0,0.0,800.0,50.0
2025-04-02 22:05:00,18.3,95.0,0.0,800.0,50.0
2025-04-02 22:10:00,18.2,95.0,0.0,800.0,50.0
2025-04-02 22:15:00,18.0,95.0,0.0,800.0,50.0
2025-04-02 22:20:00,17.6,95.0,0.0,800.0,50.0
2025-04-02 22:25:00,18.5,95.0,0.0,800.0,50.0
2025-04-02 22:30:00,18.5,95.0,0.0,800.0,50.0
2025-04-02 22:35:00,18.5,95.0,0.0,800.0,50.0
2025-04-02 22:40:00,18.2,95.0,0.0,800.0,50.0
2025-04-02 22:45:00,17.8,95.0,0.0,800.0,50.0
2025-04-02 22:50:00,17.8,95.0,0.0,800.0,50.0
2025-04-02 22:55:00,17.7,95.0,0.0,800.0,50.0
2025-04-02 23:00:00,18.7,95.0,0.0,800.0,50.0
2025-04-02 23:05:00,18.3,95.0,0.0,800.0,50.0
2025-04-02 23:10:00,18.6,95.0,0.0,800.0,50.0
2025-04-02 23:15:00,18.6,95.0,0.0,800.0,50.0
2025-04-02 23:20:00,18.2,95.0,0.0,800.0,50.0
2025-04-02 23:25:00,18.3,95.0,0.0,800.0,50.0
2025-04-02 23:30:00,18.2,95.0,0.0,800.0,50.0
2025-04-02 23:35:00,17.5,95.0,0.0,800.0,50.0
2025-04-02 23:40:00,19.2,95.0,0.0,800.0,50.0
2025-04-02 23:45:00,17.4,95.0,0.0,800.0,50.0
2025-04-02 23:50:00,18.6,95.0,0.0,800.0,50.0
2025-04-02 23:55:00,18.4,95.0,0.0,800.0,50.0
2025-04-03 00:00:00,19.1,95.0,0.0,800.0,50.0
2025-04-03 00:05:00,18.0,95.0,0.0,800.0,50.0
2025-04-03 00:10:00,18.3,95.0,0.0,800.0,50.0
2025-04-03 00:15:00,18.6,95.0,0.0,800.0,50.0
2025-04-03 00:20:00,17.7,95.0,0.0,800.0,50.0
2025-04-03 00:25:00,17.8,95.0,0.0,800.0,50.0
2025-04-03 00:30:00,19.2,95.0,0.0,800.0,50.0
2025-04-03 00:35:00,18.2,95.0,0.0,800.0,50.0
2025-04-03 00:40:00,18.5,95.0,0.0,800.0,50.0
2025-04-03 00:45:00,18.3,95.0,0.0,800.0,50.0
2025-04-03 00:50:00,18.7,95.0,0.0,800.0,50.0
2025-04-03 00:55:00,18.2,95.0,0.0,800.0,50.0
2025-04-03 01:00:00,18.8,95.0,0.0,800.0,50.0
2025-04-03 01:05:00,19.3,94.7,0.0,800.0,50.0
2025-04-03 01:10:00,18.3,95.0,0.0,800.0,50.0
2025-04-03 01:15:00,19.7,95.0,0.0,800.0,50.0
2025-04-03 01:20:00,19.0,94.1,0.0,800.0,50.0
2025-04-03 01:25:00,19.1,95.0,0.0,800.0,50.0
2025-04-03 01:30:00,19.1,95.0,0.0,800.0,50.0
2025-04-03 01:35:00,18.8,94.9,0.0,800.0,50.0
2025-04-03 01:40:00,18.6,94.6,0.0,800.0,50.0
2025-04-03 01:45:00,19.4,95.0,0.0,800.0,50.0
2025-04-03 01:50:00,19.6,95.0,0.0,800.0,50.0
2025-04-03 01:55:00,18.9,91.5,0.0,800.0,50.0
2025-04-03 02:00:00,19.8,90.1,0.0,800.0,50.0
2025-04-03 02:05:00,19.8,91.5,0.0,800.0,50.0
2025-04-03 02:10:00,20.4,94.0,0.0,800.0,50.0
2025-04-03 02:15:00,19.8,95.0,0.0,800.0,50.0
2025-04-03 02:20:00,19.5,91.1,0.0,800.0,50.0
2025-04-03 02:25:00,19.5,90.8,0.0,800.0,50.0
2025-04-03 02:30:00,20.1,93.2,0.0,800.0,50.0
2025-04-03 02:35:00,20.6,88.2,0.0,800.0,50.0
2025-04-03 02:40:00,20.2,89.3,0.0,800.0,50.0
2025-04-03 02:45:00,20.3,95.0,0.0,800.0,50.0
2025-04-03 02:50:00,20.6,92.5,0.0,800.0,50.0
2025-04-03 02:55:00,21.3,92.6,0.0,800.0,50.0
2025-04-03 03:00:00,20.5,87.4,0.0,800.0,50.0
2025-04-03 03:05:00,20.7,88.5,0.0,800.0,50.0
2025-04-03 03:10:00,20.2,89.7,0.0,800.0,50.0
2025-04-03 03:15:00,21.0,92.4,0.0,800.0,50.0
2025-04-03 03:20:00,20.9,89.0,0.0,800.0,50.0
2025-04-03 03:25:00,20.9,89.8,0.0,800.0,50.0
2025-04-03 03:30:00,21.2,85.3,0.0,800.0,50.0
2025-04-03 03:35:00,21.3,88.0,0.0,800.0,50.0
2025-04-03 03:40:00,21.5,88.9,0.0,800.0,50.0
2025-04-03 03:45:00,21.0,84.7,0.0,800.0,50.0
2025-04-03 03:50:00,21.9,84.6,0.0,800.0,50.0
2025-04-03 03:55:00,21.8,80.8,0.0,800.0,50.0
2025-04-03 04:00:00,22.9,84.6,0.0,800.0,50.0
2025-04-03 04:05:00,22.4,84.1,0.0,800.0,50.0
2025-04-03 04:10:00,22.2,87.3,0.0,800.0,50.0
2025-04-03 04:15:00,22.6,83.5,0.0,800.0,50.0
2025-04-03 04:20:00,22.2,85.5,0.0,800.0,50.0
2025-04-03 04:25:00,23.3,83.4,0.0,800.0,50.0
2025-04-03 04:30:00,23.3,82.1,0.0,800.0,50.0
2025-04-03 04:35:00,23.0,84.4,0.0,800.0,50.0
2025-04-03 04:40:00,22.6,80.2,0.0,800.0,50.0
2025-04-03 04:45:00,23.3,80.2,0.0,800.0,50.0
2025-04-03 04:50:00,22.6,79.5,0.0,800.0,50.0
2025-04-03 04:55:00,22.8,82.1,0.0,800.0,50.0
2025-04-03 05:00:00,23.4,81.4,0.0,800.0,50.0
2025-04-03 05:05:00,23.4,78.4,0.0,800.0,50.0
2025-04-03 05:10:00,23.6,81.5,0.0,800.0,50.0
2025-04-03 05:15:00,23.7,79.6,0.0,800.0,50.0
2025-04-03 05:20:00,23.3,78.7,0.0,800.0,50.0
2025-04-03 05:25:00,23.4,77.8,0.0,800.0,50.0
2025-04-03 05:30:00,23.1,74.1,0.0,800.0,50.0
2025-04-03 05:35:00,23.8,75.9,0.0,800.0,50.0
2025-04-03 05:40:00,24.1,76.3,0.0,800.0,50.0
2025-04-03 05:45:00,24.1,77.3,0.0,800.0,50.0
2025-04-03 05:50:00,24.0,75.2,0.0,800.0,50.0
2025-04-03 05:55:00,24.9,75.3,0.0,800.0,50.0
2025-04-03 06:00:00,24.4,75.0,24.6,800.0,50.0
2025-04-03 06:05:00,24.2,76.8,148.9,800.0,50.0
2025-04-03 06:10:00,25.0,75.0,142.2,800.0,50.0
2025-04-03 06:15:00,24.7,75.8,172.9,800.0,50.0
2025-04-03 06:20:00,25.4,73.3,36.7,800.0,50.0
2025-04-03 06:25:00,25.0,79.7,88.6,800.0,50.0
2025-04-03 06:30:00,25.4,74.4,199.1,800.0,50.0
2025-04-03 06:35:00,25.7,74.2,204.6,800.0,50.0
2025-04-03 06:40:00,25.3,73.2,217.0,800.0,50.0
2025-04-03 06:45:00,25.0,75.6,220.7,800.0,50.0
2025-04-03 06:50:00,25.3,77.2,216.3,800.0,50.0
2025-04-03 06:55:00,26.0,76.4,226.5,800.0,50.0
2025-04-03 07:00:00,25.5,88.7,244.9,800.0,50.0
2025-04-03 07:05:00,26.1,86.4,268.0,800.0,50.0
2025-04-03 07:10:00,25.9,85.6,289.7,800.0,50.0
2025-04-03 07:15:00,25.4,87.7,263.7,800.0,50.0
2025-04-03 07:20:00,26.1,86.8,289.0,800.0,50.0
2025-04-03 07:25:00,26.0,85.3,298.1,800.0,50.0
2025-04-03 07:30:00,26.2,87.0,284.8,800.0,50.0
2025-04-03 07:35:00,26.2,82.6,107.7,800.0,50.0
2025-04-03 07:40:00,26.9,84.4,336.9,800.0,50.0
2025-04-03 07:45:00,26.0,86.6,337.3,800.0,50.0
2025-04-03 07:50:00,26.9,87.2,355.1,800.0,50.0
2025-04-03 07:55:00,26.2,81.7,377.5,800.0,50.0
2025-04-03 08:00:00,27.3,81.3,156.5,800.0,50.0
2025-04-03 08:05:00,26.3,78.6,385.2,800.0,50.0
2025-04-03 08:10:00,26.9,79.4,406.6,800.0,50.0
2025-04-03 08:15:00,26.2,80.5,406.9,800.0,50.0
2025-04-03 08:20:00,27.3,80.9,434.3,800.0,50.0
2025-04-03 08:25:00,27.2,79.2,453.6,800.0,50.0
2025-04-03 08:30:00,27.9,79.3,92.8,800.0,50.0
2025-04-03 08:35:00,28.3,74.8,77.9,800.0,50.0
2025-04-03 08:40:00,27.9,76.5,476.6,800.0,50.0
2025-04-03 08:45:00,28.3,70.9,464.7,800.0,50.0
2025-04-03 08:50:00,28.1,71.2,480.6,800.0,50.0
2025-04-03 08:55:00,28.3,74.7,124.7,800.0,50.0
2025-04-03 09:00:00,28.1,61.5,185.8,800.0,50.0
2025-04-03 09:05:00,29.1,62.4,522.3,800.0,50.0
2025-04-03 09:10:00,29.3,58.8,549.7,800.0,50.0
2025-04-03 09:15:00,28.7,59.5,524.8,800.0,50.0
2025-04-03 09:20:00,28.8,59.4,45.7,800.0,50.0
2025-04-03 09:25:00,29.9,55.1,579.4,800.0,50.0
2025-04-03 09:30:00,28.9,58.0,586.0,800.0,50.0
2025-04-03 09:35:00,29.8,52.3,122.9,800.0,50.0
2025-04-03 09:40:00,28.8,55.5,261.5,800.0,50.0
2025-04-03 09:45:00,29.7,52.2,631.2,800.0,50.0
2025-04-03 09:50:00,29.3,55.1,642.3,800.0,50.0
2025-04-03 09:55:00,29.7,53.0,654.6,800.0,50.0
2025-04-03 10:00:00,29.4,62.3,644.3,800.0,50.0
2025-04-03 10:05:00,30.0,63.5,675.1,800.0,50.0
2025-04-03 10:10:00,30.2,60.1,661.9,800.0,50.0
2025-04-03 10:15:00,30.2,62.1,684.5,800.0,50.0
2025-04-03 10:20:00,30.0,58.6,193.2,800.0,50.0
2025-04-03 10:25:00,30.3,58.7,688.5,800.0,50.0
2025-04-03 10:30:00,30.0,62.8,725.7,800.0,50.0
2025-04-03 10:35:00,30.4,60.3,740.5,800.0,50.0
2025-04-03 10:40:00,30.1,61.7,761.7,800.0,50.0
2025-04-03 10:45:00,29.9,58.6,741.2,800.0,50.0
2025-04-03 10:50:00,30.5,58.1,762.1,800.0,50.0
2025-04-03 10:55:00,30.5,56.9,797.1,800.0,50.0
2025-04-03 11:00:00,31.2,60.2,787.1,800.0,50.0
2025-04-03 11:05:00,30.5,62.8,777.1,800.0,50.0
2025-04-03 11:10:00,30.1,60.0,782.2,800.0,50.0
2025-04-03 11:15:00,30.3,59.3,108.4,800.0,50.0
2025-04-03 11:20:00,30.7,61.5,810.6,800.0,50.0
2025-04-03 11:25:00,30.9,62.6,794.2,800.0,50.0
2025-04-03 11:30:00,30.4,61.0,789.3,800.0,50.0
2025-04-03 11:35:00,30.9,59.2,332.4,800.0,50.0
2025-04-03 11:40:00,30.5,60.4,815.3,800.0,50.0
2025-04-03 11:45:00,30.4,58.3,314.2,800.0,50.0
2025-04-03 11:50:00,31.3,62.1,808.8,800.0,50.0
2025-04-03 11:55:00,30.6,63.0,823.6,800.0,50.0
2025-04-03 12:00:00,30.6,58.4,832.4,800.0,50.0
2025-04-03 12:05:00,31.4,64.3,282.9,800.0,50.0
2025-04-03 12:10:00,30.5,62.0,854.7,800.0,50.0
2025-04-03 12:15:00,30.8,57.9,859.7,800.0,50.0
2025-04-03 12:20:00,30.6,61.7,814.4,800.0,50.0
2025-04-03 12:25:00,30.8,63.5,864.7,800.0,50.0
2025-04-03 12:30:00,30.8,62.5,843.7,800.0,50.0
2025-04-03 12:35:00,31.0,60.6,857.9,800.0,50.0
2025-04-03 12:40:00,30.8,63.4,858.5,800.0,50.0
2025-04-03 12:45:00,30.7,57.3,350.3,800.0,50.0
2025-04-03 12:50:00,30.3,65.1,367.7,800.0,50.0
2025-04-03 12:55:00,30.7,64.0,829.0,800.0,50.0
2025-04-03 13:00:00,30.7,62.8,264.5,800.0,50.0
2025-04-03 13:05:00,30.6,63.9,830.4,800.0,50.0
2025-04-03 13:10:00,30.0,62.6,827.5,800.0,50.0
2025-04-03 13:15:00,30.0,64.8,824.8,800.0,50.0
2025-04-03 13:20:00,30.0,65.2,844.4,800.0,50.0
2025-04-03 13:25:00,30.3,63.1,823.5,800.0,50.0
2025-04-03 13:30:00,29.7,61.9,793.2,800.0,50.0
2025-04-03 13:35:00,30.4,63.1,358.0,800.0,50.0
2025-04-03 13:40:00,29.7,61.3,797.6,800.0,50.0
2025-04-03 13:45:00,29.8,66.0,795.2,800.0,50.0
2025-04-03 13:50:00,30.2,68.2,205.1,800.0,50.0
2025-04-03 13:55:00,29.7,63.6,768.8,800.0,50.0
2025-04-03 14:00:00,29.0,66.0,772.0,800.0,50.0
2025-04-03 14:05:00,29.1,68.0,782.9,800.0,50.0
2025-04-03 14:10:00,28.9,63.2,757.6,800.0,50.0
2025-04-03 14:15:00,28.6,65.0,735.1,800.0,50.0
2025-04-03 14:20:00,29.1,67.9,95.3,800.0,50.0
2025-04-03 14:25:00,29.1,67.9,719.5,800.0,50.0
2025-04-03 14:30:00,28.3,69.5,363.0,800.0,50.0
2025-04-03 14:35:00,28.3,69.8,735.1,800.0,50.0
2025-04-03 14:40:00,28.9,65.5,710.1,800.0,50.0
2025-04-03 14:45:00,28.6,69.7,671.4,800.0,50.0
2025-04-03 14:50:00,28.0,72.6,221.9,800.0,50.0
2025-04-03 14:55:00,27.6,69.4,677.2,800.0,50.0
2025-04-03 15:00:00,28.3,68.0,645.6,800.0,50.0
2025-04-03 15:05:00,27.9,71.0,650.2,800.0,50.0
2025-04-03 15:10:00,27.6,67.6,636.1,800.0,50.0
2025-04-03 15:15:00,27.6,74.3,643.6,800.0,50.0
2025-04-03 15:20:00,27.3,72.1,264.5,800.0,50.0
2025-04-03 15:25:00,27.1,70.1,157.9,800.0,50.0
2025-04-03 15:30:00,27.5,75.3,594.8,800.0,50.0
2025-04-03 15:35:00,27.2,70.0,579.7,800.0,50.0
2025-04-03 15:40:00,27.2,74.9,561.7,800.0,50.0
2025-04-03 15:45:00,26.5,73.9,563.8,800.0,50.0
2025-04-03 15:50:00,26.2,71.2,556.7,800.0,50.0
2025-04-03 15:55:00,26.6,78.7,516.6,800.0,50.0
2025-04-03 16:00:00,26.0,86.3,523.6,800.0,50.0
2025-04-03 16:05:00,26.1,82.3,84.3,800.0,50.0
2025-04-03 16:10:00,25.6,83.7,483.6,800.0,50.0
2025-04-03 16:15:00,26.3,81.6,90.8,800.0,50.0
2025-04-03 16:20:00,25.8,85.2,456.2,800.0,50.0
2025-04-03 16:25:00,25.5,82.9,437.7,800.0,50.0
2025-04-03 16:30:00,26.3,87.9,458.1,800.0,50.0
2025-04-03 16:35:00,24.8,84.5,445.5,800.0,50.0
2025-04-03 16:40:00,24.8,86.9,429.1,800.0,50.0
2025-04-03 16:45:00,24.6,88.8,374.6,800.0,50.0
2025-04-03 16:50:00,24.6,86.5,397.6,800.0,50.0
2025-04-03 16:55:00,24.3,86.8,407.2,800.0,50.0
2025-04-03 17:00:00,24.3,86.1,134.2,800.0,50.0
2025-04-03 17:05:00,23.8,90.4,374.4,800.0,50.0
2025-04-03 17:10:00,23.6,89.7,346.2,800.0,50.0
2025-04-03 17:15:00,23.4,94.2,344.9,800.0,50.0
2025-04-03 17:20:00,23.3,88.6,342.9,800.0,50.0
2025-04-03 17:25:00,24.0,87.0,288.7,800.0,50.0
2025-04-03 17:30:00,23.4,92.7,107.2,800.0,50.0
2025-04-03 17:35:00,22.7,92.1,134.6,800.0,50.0
2025-04-03 17:40:00,22.5,89.9,100.6,800.0,50.0
2025-04-03 17:45:00,21.9,91.6,278.6,800.0,50.0
2025-04-03 17:50:00,22.1,92.2,265.5,800.0,50.0
2025-04-03 17:55:00,21.7,95.0,271.0,800.0,50.0
2025-04-03 18:00:00,22.0,88.7,252.7,800.0,50.0
2025-04-03 18:05:00,21.8,81.4,235.3,800.0,50.0
2025-04-03 18:10:00,21.0,85.6,227.8,800.0,50.0
2025-04-03 18:15:00,21.7,86.1,210.0,800.0,50.0
2025-04-03 18:20:00,21.1,87.0,108.3,800.0,50.0
2025-04-03 18:25:00,20.0,86.0,206.8,800.0,50.0
2025-04-03 18:30:00,20.6,90.3,167.4,800.0,50.0
2025-04-03 18:35:00,20.8,86.8,169.8,800.0,50.0
2025-04-03 18:40:00,20.3,87.2,193.5,800.0,50.0
2025-04-03 18:45:00,20.7,90.1,155.5,800.0,50.0
2025-04-03 18:50:00,20.2,92.3,88.2,800.0,50.0
2025-04-03 18:55:00,20.1,91.1,167.7,800.0,50.0
2025-04-03 19:00:00,20.8,88.3,140.7,800.0,50.0
2025-04-03 19:05:00,20.8,90.7,143.2,800.0,50.0
2025-04-03 19:10:00,20.5,91.4,150.3,800.0,50.0
2025-04-03 19:15:00,20.5,94.8,55.0,800.0,50.0
2025-04-03 19:20:00,19.9,93.3,110.0,800.0,50.0
2025-04-03 19:25:00,19.9,91.1,99.5,800.0,50.0
2025-04-03 19:30:00,19.6,92.2,60.9,800.0,50.0
2025-04-03 19:35:00,19.9,94.7,118.6,800.0,50.0
2025-04-03 19:40:00,19.5,94.6,83.1,800.0,50.0
2025-04-03 19:45:00,20.3,91.6,90.3,800.0,50.0
2025-04-03 19:50:00,20.0,90.8,110.3,800.0,50.0
2025-04-03 19:55:00,19.9,95.0,23.6,800.0,50.0
2025-04-03 20:00:00,19.2,95.0,90.8,800.0,50.0
2025-04-03 20:05:00,18.9,94.6,77.3,800.0,50.0
2025-04-03 20:10:00,19.7,94.2,82.2,800.0,50.0
2025-04-03 20:15:00,19.5,95.0,0.0,800.0,50.0
2025-04-03 20:20:00,19.6,95.0,68.0,800.0,50.0
2025-04-03 20:25:00,19.0,95.0,56.9,800.0,50.0
2025-04-03 20:30:00,19.6,93.2,82.4,800.0,50.0
2025-04-03 20:35:00,19.4,95.0,89.3,800.0,50.0
2025-04-03 20:40:00,19.2,95.0,82.4,800.0,50.0
2025-04-03 20:45:00,18.8,93.9,44.5,800.0,50.0
2025-04-03 20:50:00,19.1,92.7,66.7,800.0,50.0
2025-04-03 20:55:00,19.1,95.0,37.3,800.0,50.0
2025-04-03 21:00:00,19.3,95.0,0.0,800.0,50.0
2025-04-03 21:05:00,19.0,95.0,0.0,800.0,50.0
2025-04-03 21:10:00,18.7,95.0,0.0,800.0,50.0
2025-04-03 21:15:00,19.1,95.0,0.0,800.0,50.0
2025-04-03 21:20:00,18.1,95.0,0.0,800.0,50.0
2025-04-03 21:25:00,18.7,95.0,0.0,800.0,50.0
2025-04-03 21:30:00,18.0,95.0,0.0,800.0,50.0
2025-04-03 21:35:00,18.3,95.0,0.0,800.0,50.0
2025-04-03 21:40:00,18.8,95.0,0.0,800.0,50.0
2025-04-03 21:45:00,18.6,95.0,0.0,800.0,50.0
2025-04-03 21:50:00,18.7,95.0,0.0,800.0,50.0
2025-04-03 21:55:00,18.0,95.0,0.0,800.0,50.0
2025-04-03 22:00:00,17.9,95.0,0.0,800.0,50.0
2025-04-03 22:05:00,17.6,95.0,0.0,800.0,50.0
2025-04-03 22:10:00,18.3,95.0,0.0,800.0,50.0
2025-04-03 22:15:00,17.6,95.0,0.0,800.0,50.0
2025-04-03 22:20:00,17.9,95.0,0.0,800.0,50.0
2025-04-03 22:25:00,18.6,95.0,0.0,800.0,50.0
2025-04-03 22:30:00,18.3,95.0,0.0,800.0,50.0
2025-04-03 22:35:00,18.4,95.0,0.0,800.0,50.0
2025-04-03 22:40:00,18.1,95.0,0.0,800.0,50.0
2025-04-03 22:45:00,17.8,95.0,0.0,800.0,50.0
2025-04-03 22:50:00,18.3,95.0,0.0,800.0,50.0
2025-04-03 22:55:00,18.6,95.0,0.0,800.0,50.0
2025-04-03 23:00:00,18.1,95.0,0.0,800.0,50.0
2025-04-03 23:05:00,18.3,95.0,0.0,800.0,50.0
2025-04-03 23:10:00,17.9,95.0,0.0,800.0,50.0
2025-04-03 23:15:00,17.9,95.0,0.0,800.0,50.0
2025-04-03 23:20:00,17.5,95.0,0.0,800.0,50.0
2025-04-03 23:25:00,17.5,95.0,0.0,800.0,50.0
2025-04-03 23:30:00,17.9,95.0,0.0,800.0,50.0
2025-04-03 23:35:00,17.8,95.0,0.0,800.0,50.0
2025-04-03 23:40:00,18.1,95.0,0.0,800.0,50.0
2025-04-03 23:45:00,18.8,95.0,0.0,800.0,50.0
2025-04-03 23:50:00,18.1,95.0,0.0,800.0,50.0
2025-04-03 23:55:00,18.6,95.0,0.0,800.0,50.0
2025-04-04 00:00:00,17.6,95.0,0.0,800.0,50.0
2025-04-04 00:05:00,18.9,95.0,0.0,800.0,50.0
2025-04-04 00:10:00,18.5,95.0,0.0,800.0,50.0
2025-04-04 00:15:00,18.0,95.0,0.0,800.0,50.0
2025-04-04 00:20:00,17.9,95.0,0.0,800.0,50.0
2025-04-04 00:25:00,18.2,95.0,0.0,800.0,50.0
2025-04-04 00:30:00,17.8,95.0,0.0,800.0,50.0
2025-04-04 00:35:00,18.1,93.7,0.0,800.0,50.0
2025-04-04 00:40:00,18.9,95.0,0.0,800.0,50.0
2025-04-04 00:45:00,19.2,95.0,0.0,800.0,50.0
2025-04-04 00:50:00,18.6,95.0,0.0,800.0,50.0
2025-04-04 00:55:00,19.3,95.0,0.0,800.0,50.0
2025-04-04 01:00:00,18.4,95.0,0.0,800.0,50.0
2025-04-04 01:05:00,19.6,95.0,0.0,800.0,50.0
2025-04-04 01:10:00,17.7,93.9,0.0,800.0,50.0
2025-04-04 01:15:00,18.9,95.0,0.0,800.0,50.0
2025-04-04 01:20:00,19.0,95.0,0.0,800.0,50.0
2025-04-04 01:25:00,19.0,92.2,0.0,800.0,50.0
2025-04-04 01:30:00,19.0,95.0,0.0,800.0,50.0
2025-04-04 01:35:00,19.4,93.1,0.0,800.0,50.0
2025-04-04 01:40:00,19.2,95.0,0.0,800.0,50.0
2025-04-04 01:45:00,18.9,95.0,0.0,800.0,50.0
2025-04-04 01:50:00,18.7,95.0,0.0,800.0,50.0
2025-04-04 01:55:00,19.2,95.0,0.0,800.0,50.0
2025-04-04 02:00:00,19.1,94.7,0.0,800.0,50.0
2025-04-04 02:05:00,19.4,92.4,0.0,800.0,50.0
2025-04-04 02:10:00,20.0,92.7,0.0,800.0,50.0
2025-04-04 02:15:00,20.1,92.8,0.0,800.0,50.0
2025-04-04 02:20:00,20.0,93.7,0.0,800.0,50.0
2025-04-04 02:25:00,19.9,90.5,0.0,800.0,50.0
2025-04-04 02:30:00,19.9,94.6,0.0,800.0,50.0
2025-04-04 02:35:00,20.3,90.1,0.0,800.0,50.0
2025-04-04 02:40:00,20.5,92.4,0.0,800.0,50.0
2025-04-04 02:45:00,20.6,89.2,0.0,800.0,50.0
2025-04-04 02:50:00,20.2,89.4,0.0,800.0,50.0
2025-04-04 02:55:00,20.5,91.5,0.0,800.0,50.0
2025-04-04 03:00:00,20.8,90.8,0.0,800.0,50.0
2025-04-04 03:05:00,21.3,91.0,0.0,800.0,50.0
2025-04-04 03:10:00,20.8,86.9,0.0,800.0,50.0
2025-04-04 03:15:00,20.7,88.3,0.0,800.0,50.0
2025-04-04 03:20:00,21.4,88.4,0.0,800.0,50.0
2025-04-04 03:25:00,20.9,86.6,0.0,800.0,50.0
2025-04-04 03:30:00,21.3,89.4,0.0,800.0,50.0
2025-04-04 03:35:00,22.0,86.8,0.0,800.0,50.0
2025-04-04 03:40:00,21.5,84.4,0.0,800.0,50.0
2025-04-04 03:45:00,22.4,83.6,0.0,800.0,50.0
2025-04-04 03:50:00,22.2,85.3,0.0,800.0,50.0
2025-04-04 03:55:00,21.6,83.4,0.0,800.0,50.0
2025-04-04 04:00:00,22.9,85.6,0.0,800.0,50.0
2025-04-04 04:05:00,22.0,86.5,0.0,800.0,50.0
2025-04-04 04:10:00,21.9,84.3,0.0,800.0,50.0
2025-04-04 04:15:00,22.2,82.9,0.0,800.0,50.0
2025-04-04 04:20:00,22.8,83.0,0.0,800.0,50.0
2025-04-04 04:25:00,21.8,82.4,0.0,800.0,50.0
2025-04-04 04:30:00,22.6,80.8,0.0,800.0,50.0
2025-04-04 04:35:00,22.3,81.1,0.0,800.0,50.0
2025-04-04 04:40:00,23.3,80.8,0.0,800.0,50.0
2025-04-04 04:45:00,23.4,80.1,0.0,800.0,50.0
2025-04-04 04:50:00,23.1,80.0,0.0,800.0,50.0
2025-04-04 04:55:00,23.4,78.2,0.0,800.0,50.0
2025-04-04 05:00:00,23.5,80.2,0.0,800.0,50.0
2025-04-04 05:05:00,23.1,79.2,0.0,800.0,50.0
2025-04-04 05:10:00,24.0,79.4,0.0,800.0,50.0
2025-04-04 05:15:00,23.2,76.3,0.0,800.0,50.0
2025-04-04 05:20:00,23.8,78.6,0.0,800.0,50.0
2025-04-04 05:25:00,24.0,74.9,0.0,800.0,50.0
2025-04-04 05:30:00,23.4,79.7,0.0,800.0,50.0
2025-04-04 05:35:00,24.1,78.0,0.0,800.0,50.0
2025-04-04 05:40:00,23.7,74.6,0.0,800.0,50.0
2025-04-04 05:45:00,24.6,78.2,0.0,800.0,50.0
2025-04-04 05:50:00,23.8,73.1,0.0,800.0,50.0
2025-04-04 05:55:00,24.3,73.6,0.0,800.0,50.0
2025-04-04 06:00:00,24.2,72.3,161.1,800.0,50.0
2025-04-04 06:05:00,24.5,75.7,59.9,800.0,50.0
2025-04-04 06:10:00,24.7,69.4,196.5,800.0,50.0
2025-04-04 06:15:00,24.7,77.3,184.8,800.0,50.0
2025-04-04 06:20:00,24.5,79.4,176.0,800.0,50.0
2025-04-04 06:25:00,25.2,73.9,46.5,800.0,50.0
2025-04-04 06:30:00,24.8,72.6,200.8,800.0,50.0
2025-04-04 06:35:00,25.0,72.9,207.7,800.0,50.0
2025-04-04 06:40:00,25.6,73.4,225.6,800.0,50.0
2025-04-04 06:45:00,25.5,79.3,207.8,800.0,50.0
2025-04-04 06:50:00,26.3,78.5,204.4,800.0,50.0
2025-04-04 06:55:00,25.2,76.7,239.5,800.0,50.0
2025-04-04 07:00:00,25.3,86.7,270.0,800.0,50.0
2025-04-04 07:05:00,26.0,87.0,253.5,800.0,50.0
2025-04-04 07:10:00,25.2,87.9,237.6,800.0,50.0
2025-04-04 07:15:00,25.6,85.8,304.3,800.0,50.0
2025-04-04 07:20:00,25.5,87.7,302.1,800.0,50.0
2025-04-04 07:25:00,26.0,86.0,315.9,800.0,50.0
2025-04-04 07:30:00,26.7,84.8,283.6,800.0,50.0
2025-04-04 07:35:00,25.2,84.5,325.2,800.0,50.0
2025-04-04 07:40:00,26.6,85.9,299.5,800.0,50.0
2025-04-04 07:45:00,26.3,84.9,345.2,800.0,50.0
2025-04-04 07:50:00,26.6,83.0,356.2,800.0,50.0
2025-04-04 07:55:00,26.3,83.5,367.3,800.0,50.0
2025-04-04 08:00:00,26.7,81.4,131.1,800.0,50.0
2025-04-04 08:05:00,27.1,81.7,373.9,800.0,50.0
2025-04-04 08:10:00,27.5,80.7,371.5,800.0,50.0
2025-04-04 08:15:00,27.7,79.7,402.3,800.0,50.0
2025-04-04 08:20:00,28.0,78.1,416.0,800.0,50.0
2025-04-04 08:25:00,27.2,78.2,425.1,800.0,50.0
2025-04-04 08:30:00,27.6,77.1,177.1,800.0,50.0
2025-04-04 08:35:00,27.9,80.8,454.7,800.0,50.0
2025-04-04 08:40:00,28.1,75.8,470.0,800.0,50.0
2025-04-04 08:45:00,28.3,72.9,504.3,800.0,50.0
2025-04-04 08:50:00,29.0,75.2,502.6,800.0,50.0
2025-04-04 08:55:00,28.5,74.1,499.6,800.0,50.0
2025-04-04 09:00:00,28.4,65.0,512.8,800.0,50.0
2025-04-04 09:05:00,28.7,61.7,546.1,800.0,50.0
2025-04-04 09:10:00,29.0,57.3,538.7,800.0,50.0
2025-04-04 09:15:00,29.0,58.3,571.5,800.0,50.0
2025-04-04 09:20:00,29.5,58.2,589.2,800.0,50.0
2025-04-04 09:25:00,29.5,56.9,582.0,800.0,50.0
2025-04-04 09:30:00,29.4,55.2,595.4,800.0,50.0
2025-04-04 09:35:00,28.5,54.4,156.3,800.0,50.0
2025-04-04 09:40:00,29.6,56.6,173.3,800.0,50.0
2025-04-04 09:45:00,30.2,54.4,261.7,800.0,50.0
2025-04-04 09:50:00,29.8,54.1,627.0,800.0,50.0
2025-04-04 09:55:00,29.7,54.4,639.5,800.0,50.0
2025-04-04 10:00:00,29.8,59.9,272.0,800.0,50.0
2025-04-04 10:05:00,29.9,57.1,692.1,800.0,50.0
2025-04-04 10:10:00,29.3,61.2,687.7,800.0,50.0
2025-04-04 10:15:00,29.9,62.1,155.1,800.0,50.0
2025-04-04 10:20:00,30.3,61.2,711.3,800.0,50.0
2025-04-04 10:25:00,30.0,56.3,702.9,800.0,50.0
2025-04-04 10:30:00,29.1,59.4,732.1,800.0,50.0
2025-04-04 10:35:00,29.4,60.6,713.9,800.0,50.0
2025-04-04 10:40:00,30.2,61.0,136.3,800.0,50.0
2025-04-04 10:45:00,29.8,59.3,195.0,800.0,50.0
2025-04-04 10:50:00,30.1,61.2,766.7,800.0,50.0
2025-04-04 10:55:00,30.4,59.4,776.5,800.0,50.0
2025-04-04 11:00:00,30.0,59.0,783.2,800.0,50.0
2025-04-04 11:05:00,31.1,59.3,327.2,800.0,50.0
2025-04-04 11:10:00,31.3,57.7,803.9,800.0,50.0
2025-04-04 11:15:00,31.5,59.2,808.2,800.0,50.0
2025-04-04 11:20:00,30.3,63.6,814.8,800.0,50.0
2025-04-04 11:25:00,30.1,59.4,816.8,800.0,50.0
2025-04-04 11:30:00,31.2,61.3,801.7,800.0,50.0
2025-04-04 11:35:00,30.6,58.7,833.8,800.0,50.0
2025-04-04 11:40:00,30.7,62.1,851.3,800.0,50.0
2025-04-04 11:45:00,31.5,61.9,857.4,800.0,50.0
2025-04-04 11:50:00,31.2,58.9,819.0,800.0,50.0
2025-04-04 11:55:00,31.2,63.3,848.7,800.0,50.0
2025-04-04 12:00:00,31.3,61.3,326.9,800.0,50.0
2025-04-04 12:05:00,30.0,60.4,852.0,800.0,50.0
2025-04-04 12:10:00,30.4,64.7,838.0,800.0,50.0
2025-04-04 12:15:00,30.5,61.5,387.9,800.0,50.0
2025-04-04 12:20:00,31.5,65.1,824.0,800.0,50.0
2025-04-04 12:25:00,31.2,61.0,339.5,800.0,50.0
2025-04-04 12:30:00,30.9,57.8,851.7,800.0,50.0
2025-04-04 12:35:00,30.8,64.1,867.2,800.0,50.0
2025-04-04 12:40:00,30.4,60.4,867.2,800.0,50.0
2025-04-04 12:45:00,31.4,64.4,829.2,800.0,50.0
2025-04-04 12:50:00,30.3,61.5,369.5,800.0,50.0
2025-04-04 12:55:00,30.8,62.0,830.9,800.0,50.0
2025-04-04 13:00:00,30.4,63.2,304.3,800.0,50.0
2025-04-04 13:05:00,30.2,63.0,833.8,800.0,50.0
2025-04-04 13:10:00,30.4,64.2,836.2,800.0,50.0
2025-04-04 13:15:00,30.0,66.2,806.9,800.0,50.0
2025-04-04 13:20:00,30.1,63.2,825.8,800.0,50.0
2025-04-04 13:25:00,30.3,66.0,822.7,800.0,50.0
2025-04-04 13:30:00,30.6,64.8,803.7,800.0,50.0
2025-04-04 13:35:00,29.4,66.8,827.4,800.0,50.0
2025-04-04 13:40:00,30.1,62.8,283.0,800.0,50.0
2025-04-04 13:45:00,30.3,66.0,802.9,800.0,50.0
2025-04-04 13:50:00,30.1,68.1,80.3,800.0,50.0
2025-04-04 13:55:00,29.0,67.6,122.9,800.0,50.0
2025-04-04 14:00:00,30.6,64.6,778.4,800.0,50.0
2025-04-04 14:05:00,29.1,63.1,771.2,800.0,50.0
2025-04-04 14:10:00,30.2,66.4,772.6,800.0,50.0
2025-04-04 14:15:00,28.7,70.0,758.7,800.0,50.0
2025-04-04 14:20:00,28.9,71.5,251.7,800.0,50.0
2025-04-04 14:25:00,29.4,66.7,729.3,800.0,50.0
2025-04-04 14:30:00,28.5,70.3,743.3,800.0,50.0
2025-04-04 14:35:00,28.6,63.7,694.3,800.0,50.0
2025-04-04 14:40:00,28.5,67.8,700.5,800.0,50.0
2025-04-04 14:45:00,28.7,68.5,683.9,800.0,50.0
2025-04-04 14:50:00,28.6,67.3,649.7,800.0,50.0
2025-04-04 14:55:00,28.0,67.8,666.1,800.0,50.0
2025-04-04 15:00:00,27.4,67.3,688.5,800.0,50.0
2025-04-04 15:05:00,27.7,70.7,655.0,800.0,50.0
2025-04-04 15:10:00,27.8,68.4,608.9,800.0,50.0
2025-04-04 15:15:00,28.3,69.5,618.8,800.0,50.0
2025-04-04 15:20:00,27.7,70.1,613.7,800.0,50.0
2025-04-04 15:25:00,27.1,73.9,604.5,800.0,50.0
2025-04-04 15:30:00,27.7,71.2,590.5,800.0,50.0
2025-04-04 15:35:00,26.8,72.3,588.7,800.0,50.0
2025-04-04 15:40:00,26.9,73.0,553.2,800.0,50.0
2025-04-04 15:45:00,26.8,76.0,165.3,800.0,50.0
2025-04-04 15:50:00,27.0,74.9,543.0,800.0,50.0
2025-04-04 15:55:00,26.4,75.3,489.8,800.0,50.0
2025-04-04 16:00:00,26.3,83.8,505.4,800.0,50.0
2025-04-04 16:05:00,25.9,87.2,490.8,800.0,50.0
2025-04-04 16:10:00,26.0,82.5,471.6,800.0,50.0
2025-04-04 16:15:00,25.5,82.9,477.6,800.0,50.0
2025-04-04 16:20:00,25.7,86.9,470.4,800.0,50.0
2025-04-04 16:25:00,25.9,85.8,471.0,800.0,50.0
2025-04-04 16:30:00,24.6,88.9,476.5,800.0,50.0
2025-04-04 16:35:00,25.4,87.0,411.2,800.0,50.0
2025-04-04 16:40:00,25.4,87.4,428.9,800.0,50.0
2025-04-04 16:45:00,24.2,86.5,58.6,800.0,50.0
2025-04-04 16:50:00,24.3,84.6,58.4,800.0,50.0
2025-04-04 16:55:00,25.1,89.7,110.2,800.0,50.0
2025-04-04 17:00:00,24.8,91.8,380.1,800.0,50.0
2025-04-04 17:05:00,24.0,92.6,181.5,800.0,50.0
2025-04-04 17:10:00,23.6,90.5,34.1,800.0,50.0
2025-04-04 17:15:00,23.6,89.9,87.5,800.0,50.0
2025-04-04 17:20:00,23.1,89.9,103.9,800.0,50.0
2025-04-04 17:25:00,23.9,84.9,69.3,800.0,50.0
2025-04-04 17:30:00,23.1,91.6,292.5,800.0,50.0
2025-04-04 17:35:00,22.2,90.4,120.8,800.0,50.0
2025-04-04 17:40:00,22.8,95.0,272.4,800.0,50.0
2025-04-04 17:45:00,21.9,92.9,270.7,800.0,50.0
2025-04-04 17:50:00,22.1,89.6,257.2,800.0,50.0
2025-04-04 17:55:00,22.5,91.6,280.6,800.0,50.0
2025-04-04 18:00:00,22.1,86.1,249.7,800.0,50.0
2025-04-04 18:05:00,21.6,85.1,222.1,800.0,50.0
2025-04-04 18:10:00,21.7,81.0,235.2,800.0,50.0
2025-04-04 18:15:00,21.0,84.4,101.5,800.0,50.0
2025-04-04 18:20:00,21.7,84.5,184.5,800.0,50.0
2025-04-04 18:25:00,20.6,90.2,86.7,800.0,50.0
2025-04-04 18:30:00,21.7,90.8,213.6,800.0,50.0
2025-04-04 18:35:00,20.4,84.8,194.2,800.0,50.0
2025-04-04 18:40:00,21.0,89.1,176.1,800.0,50.0
2025-04-04 18:45:00,21.3,88.0,163.4,800.0,50.0
2025-04-04 18:50:00,20.3,94.3,165.3,800.0,50.0
2025-04-04 18:55:00,19.9,91.6,39.2,800.0,50.0
2025-04-04 19:00:00,20.3,89.9,118.7,800.0,50.0
2025-04-04 19:05:00,21.1,92.3,16.6,800.0,50.0
2025-04-04 19:10:00,20.6,92.9,157.3,800.0,50.0
2025-04-04 19:15:00,20.6,94.2,125.8,800.0,50.0
2025-04-04 19:20:00,19.8,92.0,116.9,800.0,50.0
2025-04-04 19:25:00,19.9,92.9,93.1,800.0,50.0
2025-04-04 19:30:00,20.9,89.7,16.6,800.0,50.0
2025-04-04 19:35:00,19.6,91.1,95.9,800.0,50.0
2025-04-04 19:40:00,20.5,95.0,139.0,800.0,50.0
2025-04-04 19:45:00,19.3,95.0,116.7,800.0,50.0
2025-04-04 19:50:00,20.1,92.8,14.1,800.0,50.0
2025-04-04 19:55:00,19.9,92.9,84.5,800.0,50.0
2025-04-04 20:00:00,20.5,94.1,97.4,800.0,50.0
2025-04-04 20:05:00,19.9,92.8,55.9,800.0,50.0
2025-04-04 20:10:00,19.5,95.0,92.2,800.0,50.0
2025-04-04 20:15:00,19.2,95.0,89.1,800.0,50.0
2025-04-04 20:20:00,19.0,94.8,77.4,800.0,50.0
2025-04-04 20:25:00,19.9,95.0,43.9,800.0,50.0
2025-04-04 20:30:00,20.0,94.0,54.8,800.0,50.0
2025-04-04 20:35:00,18.6,94.5,49.5,800.0,50.0
2025-04-04 20:40:00,19.0,95.0,33.2,800.0,50.0
2025-04-04 20:45:00,18.6,95.0,0.0,800.0,50.0
2025-04-04 20:50:00,19.4,95.0,61.7,800.0,50.0
2025-04-04 20:55:00,18.8,95.0,26.0,800.0,50.0
2025-04-04 21:00:00,18.9,95.0,0.0,800.0,50.0
2025-04-04 21:05:00,18.8,93.4,0.0,800.0,50.0
2025-04-04 21:10:00,18.8,95.0,0.0,800.0,50.0
2025-04-04 21:15:00,18.6,95.0,0.0,800.0,50.0
2025-04-04 21:20:00,18.8,95.0,0.0,800.0,50.0
2025-04-04 21:25:00,19.1,95.0,0.0,800.0,50.0
2025-04-04 21:30:00,18.9,95.0,0.0,800.0,50.0
2025-04-04 21:35:00,18.5,95.0,0.0,800.0,50.0
2025-04-04 21:40:00,18.9,95.0,0.0,800.0,50.0
2025-04-04 21:45:00,18.0,95.0,0.0,800.0,50.0
2025-04-04 21:50:00,18.4,95.0,0.0,800.0,50.0
2025-04-04 21:55:00,18.4,95.0,0.0,800.0,50.0
2025-04-04 22:00:00,18.8,95.0,0.0,800.0,50.0
2025-04-04 22:05:00,17.9,95.0,0.0,800.0,50.0
2025-04-04 22:10:00,18.4,95.0,0.0,800.0,50.0
2025-04-04 22:15:00,18.5,95.0,0.0,800.0,50.0
2025-04-04 22:20:00,19.3,95.0,0.0,800.0,50.0
2025-04-04 22:25:00,18.8,95.0,0.0,800.0,50.0
2025-04-04 22:30:00,18.5,95.0,0.0,800.0,50.0
2025-04-04 22:35:00,18.7,95.0,0.0,800.0,50.0
2025-04-04 22:40:00,18.6,95.0,0.0,800.0,50.0
2025-04-04 22:45:00,18.0,95.0,0.0,800.0,50.0
2025-04-04 22:50:00,18.6,95.0,0.0,800.0,50.0
2025-04-04 22:55:00,18.6,95.0,0.0,800.0,50.0
2025-04-04 23:00:00,17.8,95.0,0.0,800.0,50.0
2025-04-04 23:05:00,18.1,95.0,0.0,800.0,50.0
2025-04-04 23:10:00,18.0,95.0,0.0,800.0,50.0
2025-04-04 23:15:00,18.4,95.0,0.0,800.0,50.0
2025-04-04 23:20:00,17.6,95.0,0.0,800.0,50.0
2025-04-04 23:25:00,18.3,95.0,0.0,800.0,50.0
2025-04-04 23:30:00,18.6,95.0,0.0,800.0,50.0
2025-04-04 23:35:00,19.6,95.0,0.0,800.0,50.0
2025-04-04 23:40:00,18.2,95.0,0.0,800.0,50.0
2025-04-04 23:45:00,18.7,95.0,0.0,800.0,50.0
2025-04-04 23:50:00,17.7,95.0,0.0,800.0,50.0
2025-04-04 23:55:00,18.1,95.0,0.0,800.0,50.0
2025-04-05 00:00:00,18.6,95.0,0.0,800.0,50.0
2025-04-05 00:05:00,18.0,94.6,0.0,800.0,50.0
2025-04-05 00:10:00,18.8,95.0,0.0,800.0,50.0
2025-04-05 00:15:00,17.7,95.0,0.0,800.0,50.0
2025-04-05 00:20:00,18.9,95.0,0.0,800.0,50.0
2025-04-05 00:25:00,18.4,95.0,0.0,800.0,50.0
2025-04-05 00:30:00,18.5,95.0,0.0,800.0,50.0
2025-04-05 00:35:00,18.4,95.0,0.0,800.0,50.0
2025-04-05 00:40:00,18.8,95.0,0.0,800.0,50.0
2025-04-05 00:45:00,18.4,95.0,0.0,800.0,50.0
2025-04-05 00:50:00,17.9,95.0,0.0,800.0,50.0
2025-04-05 00:55:00,19.4,94.6,0.0,800.0,50.0
2025-04-05 01:00:00,18.7,95.0,0.0,800.0,50.0
2025-04-05 01:05:00,19.5,95.0,0.0,800.0,50.0
2025-04-05 01:10:00,18.8,92.9,0.0,800.0,50.0
2025-04-05 01:15:00,19.1,95.0,0.0,800.0,50.0
2025-04-05 01:20:00,19.3,95.0,0.0,800.0,50.0
2025-04-05 01:25:00,19.3,95.0,0.0,800.0,50.0
2025-04-05 01:30:00,19.0,95.0,0.0,800.0,50.0
2025-04-05 01:35:00,19.4,95.0,0.0,800.0,50.0
2025-04-05 01:40:00,19.0,95.0,0.0,800.0,50.0
2025-04-05 01:45:00,19.8,93.9,0.0,800.0,50.0
2025-04-05 01:50:00,20.0,93.8,0.0,800.0,50.0
2025-04-05 01:55:00,19.3,92.9,0.0,800.0,50.0
2025-04-05 02:00:00,19.0,95.0,0.0,800.0,50.0
2025-04-05 02:05:00,19.1,91.4,0.0,800.0,50.0
2025-04-05 02:10:00,19.0,93.3,0.0,800.0,50.0
2025-04-05 02:15:00,19.9,92.5,0.0,800.0,50.0
2025-04-05 02:20:00,19.6,90.5,0.0,800.0,50.0
2025-04-05 02:25:00,20.3,91.4,0.0,800.0,50.0
2025-04-05 02:30:00,20.3,90.4,0.0,800.0,50.0
2025-04-05 02:35:00,20.4,94.4,0.0,800.0,50.0
2025-04-05 02:40:00,20.6,90.6,0.0,800.0,50.0
2025-04-05 02:45:00,20.6,90.6,0.0,800.0,50.0
2025-04-05 02:50:00,20.6,90.1,0.0,800.0,50.0
2025-04-05 02:55:00,20.6,90.8,0.0,800.0,50.0
2025-04-05 03:00:00,20.4,88.0,0.0,800.0,50.0
2025-04-05 03:05:00,20.3,86.4,0.0,800.0,50.0
2025-04-05 03:10:00,20.5,89.6,0.0,800.0,50.0
2025-04-05 03:15:00,20.7,89.9,0.0,800.0,50.0
2025-04-05 03:20:00,21.2,84.5,0.0,800.0,50.0
2025-04-05 03:25:00,21.5,89.7,0.0,800.0,50.0
2025-04-05 03:30:00,20.9,88.5,0.0,800.0,50.0
2025-04-05 03:35:00,21.1,87.4,0.0,800.0,50.0
2025-04-05 03:40:00,21.0,83.3,0.0,800.0,50.0
2025-04-05 03:45:00,21.5,86.2,0.0,800.0,50.0
2025-04-05 03:50:00,21.6,83.6,0.0,800.0,50.0
2025-04-05 03:55:00,21.7,86.1,0.0,800.0,50.0
2025-04-05 04:00:00,21.9,85.5,0.0,800.0,50.0
2025-04-05 04:05:00,21.8,87.1,0.0,800.0,50.0
2025-04-05 04:10:00,21.7,85.3,0.0,800.0,50.0
2025-04-05 04:15:00,22.7,84.9,0.0,800.0,50.0
2025-04-05 04:20:00,22.3,82.4,0.0,800.0,50.0
2025-04-05 04:25:00,22.9,80.2,0.0,800.0,50.0
2025-04-05 04:30:00,22.2,81.8,0.0,800.0,50.0
2025-04-05 04:35:00,23.2,82.9,0.0,800.0,50.0
2025-04-05 04:40:00,22.4,81.1,0.0,800.0,50.0
2025-04-05 04:45:00,22.7,79.9,0.0,800.0,50.0
2025-04-05 04:50:00,23.4,78.1,0.0,800.0,50.0
2025-04-05 04:55:00,23.8,82.1,0.0,800.0,50.0
2025-04-05 05:00:00,23.7,79.1,0.0,800.0,50.0
2025-04-05 05:05:00,23.3,76.7,0.0,800.0,50.0
2025-04-05 05:10:00,23.3,80.1,0.0,800.0,50.0
2025-04-05 05:15:00,24.1,76.5,0.0,800.0,50.0
2025-04-05 05:20:00,23.5,78.0,0.0,800.0,50.0
2025-04-05 05:25:00,23.2,79.0,0.0,800.0,50.0
2025-04-05 05:30:00,23.6,77.0,0.0,800.0,50.0
2025-04-05 05:35:00,23.8,75.4,0.0,800.0,50.0
2025-04-05 05:40:00,24.1,76.1,0.0,800.0,50.0
2025-04-05 05:45:00,24.1,74.6,0.0,800.0,50.0
2025-04-05 05:50:00,24.5,79.0,0.0,800.0,50.0
2025-04-05 05:55:00,24.5,77.2,0.0,800.0,50.0
2025-04-05 06:00:00,24.0,75.1,54.2,800.0,50.0
2025-04-05 06:05:00,24.1,73.6,176.2,800.0,50.0
2025-04-05 06:10:00,25.0,78.4,142.4,800.0,50.0
2025-04-05 06:15:00,24.8,76.2,175.2,800.0,50.0
2025-04-05 06:20:00,25.1,75.7,147.1,800.0,50.0
2025-04-05 06:25:00,25.0,76.4,200.4,800.0,50.0
2025-04-05 06:30:00,24.9,78.5,189.7,800.0,50.0
2025-04-05 06:35:00,25.7,79.3,214.3,800.0,50.0
2025-04-05 06:40:00,25.2,78.9,47.0,800.0,50.0
2025-04-05 06:45:00,26.2,75.3,239.8,800.0,50.0
2025-04-05 06:50:00,25.8,75.4,219.4,800.0,50.0
2025-04-05 06:55:00,25.3,76.7,263.1,800.0,50.0
2025-04-05 07:00:00,25.7,88.0,248.2,800.0,50.0
2025-04-05 07:05:00,26.2,84.8,269.4,800.0,50.0
2025-04-05 07:10:00,25.8,86.1,45.2,800.0,50.0
2025-04-05 07:15:00,26.2,84.3,278.5,800.0,50.0
2025-04-05 07:20:00,26.7,87.7,286.8,800.0,50.0
2025-04-05 07:25:00,26.4,88.6,115.9,800.0,50.0
2025-04-05 07:30:00,26.2,84.3,281.7,800.0,50.0
2025-04-05 07:35:00,27.0,87.8,315.6,800.0,50.0
2025-04-05 07:40:00,26.7,85.9,96.9,800.0,50.0
2025-04-05 07:45:00,26.2,88.9,71.1,800.0,50.0
2025-04-05 07:50:00,26.6,83.5,355.6,800.0,50.0
2025-04-05 07:55:00,27.1,84.6,359.4,800.0,50.0
2025-04-05 08:00:00,26.8,84.3,366.4,800.0,50.0
2025-04-05 08:05:00,26.7,87.1,402.2,800.0,50.0
2025-04-05 08:10:00,26.9,79.2,396.1,800.0,50.0
2025-04-05 08:15:00,27.3,78.1,412.4,800.0,50.0
2025-04-05 08:20:00,27.9,83.1,387.6,800.0,50.0
2025-04-05 08:25:00,27.7,76.2,431.7,800.0,50.0
2025-04-05 08:30:00,28.5,76.6,449.0,800.0,50.0
2025-04-05 08:35:00,27.1,78.4,451.5,800.0,50.0
2025-04-05 08:40:00,27.1,76.4,466.1,800.0,50.0
2025-04-05 08:45:00,27.9,76.6,150.3,800.0,50.0
2025-04-05 08:50:00,28.2,77.9,276.0,800.0,50.0
2025-04-05 08:55:00,28.5,73.4,479.3,800.0,50.0
2025-04-05 09:00:00,28.3,63.9,140.9,800.0,50.0
2025-04-05 09:05:00,28.7,61.6,519.1,800.0,50.0
2025-04-05 09:10:00,28.6,57.7,176.3,800.0,50.0
2025-04-05 09:15:00,29.6,57.5,119.4,800.0,50.0
2025-04-05 09:20:00,29.1,58.5,588.5,800.0,50.0
2025-04-05 09:25:00,29.4,60.0,555.4,800.0,50.0
2025-04-05 09:30:00,29.9,57.3,596.4,800.0,50.0
2025-04-05 09:35:00,29.3,56.7,590.3,800.0,50.0
2025-04-05 09:40:00,29.8,60.5,626.5,800.0,50.0
2025-04-05 09:45:00,29.4,56.8,108.6,800.0,50.0
2025-04-05 09:50:00,29.6,55.6,639.4,800.0,50.0
2025-04-05 09:55:00,29.5,54.5,226.0,800.0,50.0
2025-04-05 10:00:00,29.6,63.5,669.9,800.0,50.0
2025-04-05 10:05:00,30.0,58.7,674.5,800.0,50.0
2025-04-05 10:10:00,30.3,62.7,689.2,800.0,50.0
2025-04-05 10:15:00,29.8,57.3,689.1,800.0,50.0
2025-04-05 10:20:00,30.1,59.8,696.0,800.0,50.0
2025-04-05 10:25:00,30.1,61.5,701.5,800.0,50.0
2025-04-05 10:30:00,30.2,60.3,202.1,800.0,50.0
2025-04-05 10:35:00,30.4,60.3,718.8,800.0,50.0
2025-04-05 10:40:00,30.9,59.3,334.9,800.0,50.0
2025-04-05 10:45:00,31.1,59.8,753.4,800.0,50.0
2025-04-05 10:50:00,31.0,61.6,767.8,800.0,50.0
2025-04-05 10:55:00,30.4,59.7,768.4,800.0,50.0
2025-04-05 11:00:00,30.3,57.8,795.7,800.0,50.0
2025-04-05 11:05:00,31.1,59.9,786.8,800.0,50.0
2025-04-05 11:10:00,31.2,59.6,368.6,800.0,50.0
2025-04-05 11:15:00,30.4,58.9,818.8,800.0,50.0
2025-04-05 11:20:00,31.5,59.3,801.9,800.0,50.0
2025-04-05 11:25:00,30.7,57.6,808.8,800.0,50.0
2025-04-05 11:30:00,30.6,59.9,841.3,800.0,50.0
2025-04-05 11:35:00,31.3,63.6,811.1,800.0,50.0
2025-04-05 11:40:00,30.8,60.3,822.0,800.0,50.0
2025-04-05 11:45:00,31.0,60.7,830.1,800.0,50.0
2025-04-05 11:50:00,31.3,60.5,854.8,800.0,50.0
2025-04-05 11:55:00,31.1,60.3,854.9,800.0,50.0
2025-04-05 12:00:00,31.1,60.5,829.9,800.0,50.0
2025-04-05 12:05:00,30.9,56.4,863.8,800.0,50.0
2025-04-05 12:10:00,31.1,60.0,818.2,800.0,50.0
2025-04-05 12:15:00,30.9,63.4,846.4,800.0,50.0
2025-04-05 12:20:00,30.8,60.7,846.7,800.0,50.0
2025-04-05 12:25:00,31.5,60.2,842.4,800.0,50.0
2025-04-05 12:30:00,30.8,62.5,830.1,800.0,50.0
2025-04-05 12:35:00,30.8,61.5,864.4,800.0,50.0
2025-04-05 12:40:00,30.9,60.9,847.6,800.0,50.0
2025-04-05 12:45:00,30.3,59.4,379.5,800.0,50.0
2025-04-05 12:50:00,30.6,64.1,810.3,800.0,50.0
2025-04-05 12:55:00,30.4,64.7,820.5,800.0,50.0
2025-04-05 13:00:00,30.6,63.8,845.0,800.0,50.0
2025-04-05 13:05:00,30.1,60.9,823.7,800.0,50.0
2025-04-05 13:10:00,30.1,63.4,204.7,800.0,50.0
2025-04-05 13:15:00,30.4,62.2,826.8,800.0,50.0
2025-04-05 13:20:00,30.6,59.9,821.4,800.0,50.0
2025-04-05 13:25:00,30.3,63.2,796.7,800.0,50.0
2025-04-05 13:30:00,30.3,60.5,798.4,800.0,50.0
2025-04-05 13:35:00,30.0,69.4,809.6,800.0,50.0
2025-04-05 13:40:00,30.8,65.5,823.4,800.0,50.0
2025-04-05 13:45:00,29.7,64.2,780.5,800.0,50.0
2025-04-05 13:50:00,30.4,64.6,795.8,800.0,50.0
2025-04-05 13:55:00,30.3,67.7,774.9,800.0,50.0
2025-04-05 14:00:00,29.6,62.8,731.8,800.0,50.0
2025-04-05 14:05:00,29.8,66.3,774.4,800.0,50.0
2025-04-05 14:10:00,29.5,64.3,783.4,800.0,50.0
2025-04-05 14:15:00,29.6,65.3,746.6,800.0,50.0
2025-04-05 14:20:00,29.6,66.6,729.8,800.0,50.0
2025-04-05 14:25:00,28.6,63.7,722.7,800.0,50.0
2025-04-05 14:30:00,28.5,69.7,698.4,800.0,50.0
2025-04-05 14:35:00,28.4,68.0,682.1,800.0,50.0
2025-04-05 14:40:00,28.5,66.6,682.0,800.0,50.0
2025-04-05 14:45:00,27.7,69.5,692.0,800.0,50.0
2025-04-05 14:50:00,28.9,71.2,684.6,800.0,50.0
2025-04-05 14:55:00,28.1,69.9,659.9,800.0,50.0
2025-04-05 15:00:00,28.4,69.1,265.9,800.0,50.0
2025-04-05 15:05:00,28.0,72.8,624.4,800.0,50.0
2025-04-05 15:10:00,27.7,69.4,629.5,800.0,50.0
2025-04-05 15:15:00,27.2,69.2,634.8,800.0,50.0
2025-04-05 15:20:00,27.7,71.4,603.1,800.0,50.0
2025-04-05 15:25:00,27.7,71.6,593.7,800.0,50.0
2025-04-05 15:30:00,27.9,72.4,582.5,800.0,50.0
2025-04-05 15:35:00,27.5,70.5,236.4,800.0,50.0
2025-04-05 15:40:00,27.0,72.9,580.2,800.0,50.0
2025-04-05 15:45:00,27.1,75.4,543.5,800.0,50.0
2025-04-05 15:50:00,27.3,73.2,556.3,800.0,50.0
2025-04-05 15:55:00,27.1,75.2,551.2,800.0,50.0
2025-04-05 16:00:00,25.5,82.2,518.1,800.0,50.0
2025-04-05 16:05:00,26.5,83.9,131.4,800.0,50.0
2025-04-05 16:10:00,25.2,83.5,130.8,800.0,50.0
2025-04-05 16:15:00,25.5,81.9,477.2,800.0,50.0
2025-04-05 16:20:00,25.8,86.0,200.3,800.0,50.0
2025-04-05 16:25:00,25.7,85.6,442.1,800.0,50.0
2025-04-05 16:30:00,26.0,87.4,434.5,800.0,50.0
2025-04-05 16:35:00,25.1,84.5,433.7,800.0,50.0
2025-04-05 16:40:00,25.1,82.6,150.1,800.0,50.0
2025-04-05 16:45:00,24.9,86.8,422.5,800.0,50.0
2025-04-05 16:50:00,24.7,85.6,401.3,800.0,50.0
2025-04-05 16:55:00,24.8,86.8,374.1,800.0,50.0
2025-04-05 17:00:00,24.2,89.2,362.6,800.0,50.0
2025-04-05 17:05:00,24.1,86.6,374.8,800.0,50.0
2025-04-05 17:10:00,23.4,86.9,360.9,800.0,50.0
2025-04-05 17:15:00,23.8,92.0,141.7,800.0,50.0
2025-04-05 17:20:00,23.2,89.6,335.7,800.0,50.0
2025-04-05 17:25:00,23.6,88.8,316.0,800.0,50.0
2025-04-05 17:30:00,23.4,90.5,310.3,800.0,50.0
2025-04-05 17:35:00,22.1,90.3,262.8,800.0,50.0
2025-04-05 17:40:00,23.1,94.0,272.4,800.0,50.0
2025-04-05 17:45:00,22.1,92.6,80.9,800.0,50.0
2025-04-05 17:50:00,21.6,87.9,89.7,800.0,50.0
2025-04-05 17:55:00,22.4,95.0,252.6,800.0,50.0
2025-04-05 18:00:00,22.1,82.0,31.6,800.0,50.0
2025-04-05 18:05:00,22.2,86.8,65.5,800.0,50.0
2025-04-05 18:10:00,21.1,86.7,41.7,800.0,50.0
2025-04-05 18:15:00,21.2,86.6,211.6,800.0,50.0
2025-04-05 18:20:00,20.8,84.2,223.2,800.0,50.0
2025-04-05 18:25:00,21.6,90.4,211.5,800.0,50.0
2025-04-05 18:30:00,20.6,85.3,42.5,800.0,50.0
2025-04-05 18:35:00,20.9,88.3,32.5,800.0,50.0
2025-04-05 18:40:00,20.6,91.0,190.6,800.0,50.0
2025-04-05 18:45:00,20.7,90.1,179.3,800.0,50.0
2025-04-05 18:50:00,19.6,91.3,166.5,800.0,50.0
2025-04-05 18:55:00,19.8,90.7,18.5,800.0,50.0
2025-04-05 19:00:00,21.1,90.0,157.8,800.0,50.0
2025-04-05 19:05:00,20.4,92.1,52.0,800.0,50.0
2025-04-05 19:10:00,20.3,89.8,160.5,800.0,50.0
2025-04-05 19:15:00,20.7,90.1,104.5,800.0,50.0
2025-04-05 19:20:00,20.0,88.8,131.1,800.0,50.0
2025-04-05 19:25:00,20.2,92.8,39.3,800.0,50.0
2025-04-05 19:30:00,20.2,93.2,97.2,800.0,50.0
2025-04-05 19:35:00,20.5,91.3,3.2,800.0,50.0
2025-04-05 19:40:00,20.0,91.0,87.3,800.0,50.0
2025-04-05 19:45:00,20.2,95.0,80.5,800.0,50.0
2025-04-05 19:50:00,20.3,95.0,109.2,800.0,50.0
2025-04-05 19:55:00,19.7,95.0,93.8,800.0,50.0
2025-04-05 20:00:00,19.9,92.4,69.2,800.0,50.0
2025-04-05 20:05:00,20.0,94.1,83.4,800.0,50.0
2025-04-05 20:10:00,19.5,95.0,51.3,800.0,50.0
2025-04-05 20:15:00,18.7,95.0,61.6,800.0,50.0
2025-04-05 20:20:00,19.6,95.0,67.5,800.0,50.0
2025-04-05 20:25:00,19.3,95.0,76.6,800.0,50.0
2025-04-05 20:30:00,19.6,93.9,0.5,800.0,50.0
2025-04-05 20:35:00,19.4,95.0,68.9,800.0,50.0
2025-04-05 20:40:00,19.8,93.2,2.3,800.0,50.0
2025-04-05 20:45:00,19.3,95.0,40.2,800.0,50.0
2025-04-05 20:50:00,19.6,95.0,15.6,800.0,50.0
2025-04-05 20:55:00,18.9,95.0,38.4,800.0,50.0
2025-04-05 21:00:00,18.8,95.0,0.0,800.0,50.0
2025-04-05 21:05:00,18.9,95.0,0.0,800.0,50.0
2025-04-05 21:10:00,18.3,95.0,0.0,800.0,50.0
2025-04-05 21:15:00,18.6,95.0,0.0,800.0,50.0
2025-04-05 21:20:00,19.0,95.0,0.0,800.0,50.0
2025-04-05 21:25:00,19.2,95.0,0.0,800.0,50.0
2025-04-05 21:30:00,19.3,95.0,0.0,800.0,50.0
2025-04-05 21:35:00,18.3,95.0,0.0,800.0,50.0
2025-04-05 21:40:00,19.1,95.0,0.0,800.0,50.0
2025-04-05 21:45:00,18.4,95.0,0.0,800.0,50.0
2025-04-05 21:50:00,18.5,95.0,0.0,800.0,50.0
2025-04-05 21:55:00,19.0,95.0,0.0,800.0,50.0
2025-04-05 22:00:00,19.0,95.0,0.0,800.0,50.0
2025-04-05 22:05:00,18.8,95.0,0.0,800.0,50.0
2025-04-05 22:10:00,19.1,95.0,0.0,800.0,50.0
2025-04-05 22:15:00,17.9,95.0,0.0,800.0,50.0
2025-04-05 22:20:00,18.0,95.0,0.0,800.0,50.0
2025-04-05 22:25:00,18.0,95.0,0.0,800.0,50.0
2025-04-05 22:30:00,17.8,95.0,0.0,800.0,50.0
2025-04-05 22:35:00,18.2,95.0,0.0,800.0,50.0
2025-04-05 22:40:00,18.0,95.0,0.0,800.0,50.0
2025-04-05 22:45:00,17.8,95.0,0.0,800.0,50.0
2025-04-05 22:50:00,18.2,95.0,0.0,800.0,50.0
2025-04-05 22:55:00,18.9,95.0,0.0,800.0,50.0
2025-04-05 23:00:00,18.9,95.0,0.0,800.0,50.0
2025-04-05 23:05:00,18.5,95.0,0.0,800.0,50.0
2025-04-05 23:10:00,17.7,95.0,0.0,800.0,50.0
2025-04-05 23:15:00,18.5,95.0,0.0,800.0,50.0
2025-04-05 23:20:00,18.1,95.0,0.0,800.0,50.0
2025-04-05 23:25:00,18.5,95.0,0.0,800.0,50.0
2025-04-05 23:30:00,18.1,95.0,0.0,800.0,50.0
2025-04-05 23:35:00,17.7,95.0,0.0,800.0,50.0
2025-04-05 23:40:00,17.7,95.0,0.0,800.0,50.0
2025-04-05 23:45:00,18.3,95.0,0.0,800.0,50.0
2025-04-05 23:50:00,19.5,95.0,0.0,800.0,50.0
2025-04-05 23:55:00,19.1,95.0,0.0,800.0,50.0
2025-04-06 00:00:00,18.4,95.0,0.0,800.0,50.0
2025-04-06 00:05:00,18.4,95.0,0.0,800.0,50.0
2025-04-06 00:10:00,18.6,95.0,0.0,800.0,50.0
2025-04-06 00:15:00,18.7,95.0,0.0,800.0,50.0
2025-04-06 00:20:00,19.5,95.0,0.0,800.0,50.0
2025-04-06 00:25:00,18.2,95.0,0.0,800.0,50.0
2025-04-06 00:30:00,18.4,95.0,0.0,800.0,50.0
2025-04-06 00:35:00,18.4,95.0,0.0,800.0,50.0
2025-04-06 00:40:00,18.5,95.0,0.0,800.0,50.0
2025-04-06 00:45:00,18.7,95.0,0.0,800.0,50.0
2025-04-06 00:50:00,18.9,95.0,0.0,800.0,50.0
2025-04-06 00:55:00,19.1,92.3,0.0,800.0,50.0
2025-04-06 01:00:00,18.5,95.0,0.0,800.0,50.0
2025-04-06 01:05:00,18.7,95.0,0.0,800.0,50.0
2025-04-06 01:10:00,18.6,95.0,0.0,800.0,50.0
2025-04-06 01:15:00,19.5,95.0,0.0,800.0,50.0
2025-04-06 01:20:00,19.6,95.0,0.0,800.0,50.0
2025-04-06 01:25:00,18.8,94.6,0.0,800.0,50.0
2025-04-06 01:30:00,19.7,95.0,0.0,800.0,50.0
2025-04-06 01:35:00,19.1,94.1,0.0,800.0,50.0
2025-04-06 01:40:00,19.2,92.1,0.0,800.0,50.0
2025-04-06 01:45:00,19.0,92.5,0.0,800.0,50.0
2025-04-06 01:50:00,19.5,95.0,0.0,800.0,50.0
2025-04-06 01:55:00,19.9,93.4,0.0,800.0,50.0
2025-04-06 02:00:00,19.6,94.4,0.0,800.0,50.0
2025-04-06 02:05:00,19.2,95.0,0.0,800.0,50.0
2025-04-06 02:10:00,20.4,92.3,0.0,800.0,50.0
2025-04-06 02:15:00,19.8,95.0,0.0,800.0,50.0
2025-04-06 02:20:00,20.0,94.0,0.0,800.0,50.0
2025-04-06 02:25:00,20.1,95.0,0.0,800.0,50.0
2025-04-06 02:30:00,20.5,93.3,0.0,800.0,50.0
2025-04-06 02:35:00,20.6,90.7,0.0,800.0,50.0
2025-04-06 02:40:00,20.2,93.0,0.0,800.0,50.0
2025-04-06 02:45:00,20.6,88.8,0.0,800.0,50.0
2025-04-06 02:50:00,21.4,92.7,0.0,800.0,50.0
2025-04-06 02:55:00,20.7,89.8,0.0,800.0,50.0
2025-04-06 03:00:00,20.9,91.0,0.0,800.0,50.0
2025-04-06 03:05:00,20.1,93.8,0.0,800.0,50.0
2025-04-06 03:10:00,20.7,89.2,0.0,800.0,50.0
2025-04-06 03:15:00,21.1,92.8,0.0,800.0,50.0
2025-04-06 03:20:00,21.2,91.6,0.0,800.0,50.0
2025-04-06 03:25:00,21.4,86.1,0.0,800.0,50.0
2025-04-06 03:30:00,21.4,87.4,0.0,800.0,50.0
2025-04-06 03:35:00,21.1,88.0,0.0,800.0,50.0
2025-04-06 03:40:00,21.6,88.0,0.0,800.0,50.0
2025-04-06 03:45:00,21.8,85.1,0.0,800.0,50.0
2025-04-06 03:50:00,22.1,84.8,0.0,800.0,50.0
2025-04-06 03:55:00,20.7,85.9,0.0,800.0,50.0
2025-04-06 04:00:00,21.8,85.9,0.0,800.0,50.0
2025-04-06 04:05:00,22.9,88.8,0.0,800.0,50.0
2025-04-06 04:10:00,22.2,82.7,0.0,800.0,50.0
2025-04-06 04:15:00,22.6,83.2,0.0,800.0,50.0
2025-04-06 04:20:00,22.6,82.2,0.0,800.0,50.0
2025-04-06 04:25:00,22.6,81.4,0.0,800.0,50.0
2025-04-06 04:30:00,23.1,81.4,0.0,800.0,50.0
2025-04-06 04:35:00,23.0,79.6,0.0,800.0,50.0
2025-04-06 04:40:00,23.2,79.8,0.0,800.0,50.0
2025-04-06 04:45:00,23.1,83.4,0.0,800.0,50.0
2025-04-06 04:50:00,23.0,78.8,0.0,800.0,50.0
2025-04-06 04:55:00,23.4,78.8,0.0,800.0,50.0
2025-04-06 05:00:00,23.1,80.5,0.0,800.0,50.0
2025-04-06 05:05:00,24.0,79.6,0.0,800.0,50.0
2025-04-06 05:10:00,23.5,80.6,0.0,800.0,50.0
2025-04-06 05:15:00,23.6,80.0,0.0,800.0,50.0
2025-04-06 05:20:00,24.2,77.6,0.0,800.0,50.0
2025-04-06 05:25:00,22.5,76.2,0.0,800.0,50.0
2025-04-06 05:30:00,24.4,77.3,0.0,800.0,50.0
2025-04-06 05:35:00,23.9,79.3,0.0,800.0,50.0
2025-04-06 05:40:00,24.1,72.3,0.0,800.0,50.0
2025-04-06 05:45:00,23.7,76.9,0.0,800.0,50.0
2025-04-06 05:50:00,24.4,78.6,0.0,800.0,50.0
2025-04-06 05:55:00,24.2,74.6,0.0,800.0,50.0
2025-04-06 06:00:00,24.2,73.8,158.8,800.0,50.0
2025-04-06 06:05:00,23.9,71.0,169.4,800.0,50.0
2025-04-06 06:10:00,24.8,76.1,161.4,800.0,50.0
2025-04-06 06:15:00,24.3,74.2,182.4,800.0,50.0
2025-04-06 06:20:00,25.0,75.2,191.4,800.0,50.0
2025-04-06 06:25:00,24.3,77.5,70.7,800.0,50.0
2025-04-06 06:30:00,25.3,75.9,181.5,800.0,50.0
2025-04-06 06:35:00,25.8,76.5,16.4,800.0,50.0
2025-04-06 06:40:00,25.7,76.3,225.8,800.0,50.0
2025-04-06 06:45:00,25.1,78.5,14.3,800.0,50.0
2025-04-06 06:50:00,25.8,78.1,217.0,800.0,50.0
2025-04-06 06:55:00,25.5,75.3,216.4,800.0,50.0
2025-04-06 07:00:00,25.5,87.1,45.1,800.0,50.0
2025-04-06 07:05:00,25.8,89.2,264.6,800.0,50.0
2025-04-06 07:10:00,25.7,86.2,257.8,800.0,50.0
2025-04-06 07:15:00,26.3,81.4,314.2,800.0,50.0
2025-04-06 07:20:00,26.2,87.6,299.0,800.0,50.0
2025-04-06 07:25:00,26.6,86.4,63.1,800.0,50.0
2025-04-06 07:30:00,26.1,83.1,267.8,800.0,50.0
2025-04-06 07:35:00,26.3,84.4,319.2,800.0,50.0
2025-04-06 07:40:00,27.7,87.7,320.8,800.0,50.0
2025-04-06 07:45:00,26.4,86.3,313.2,800.0,50.0
2025-04-06 07:50:00,26.4,85.9,70.2,800.0,50.0
2025-04-06 07:55:00,27.3,81.7,367.7,800.0,50.0
2025-04-06 08:00:00,26.7,83.8,153.1,800.0,50.0
2025-04-06 08:05:00,26.9,80.7,387.2,800.0,50.0
2025-04-06 08:10:00,26.8,78.9,394.9,800.0,50.0
2025-04-06 08:15:00,27.0,80.1,392.2,800.0,50.0
2025-04-06 08:20:00,27.7,81.0,87.8,800.0,50.0
2025-04-06 08:25:00,27.4,80.3,120.1,800.0,50.0
2025-04-06 08:30:00,27.8,76.5,210.9,800.0,50.0
2025-04-06 08:35:00,28.4,78.9,456.8,800.0,50.0
2025-04-06 08:40:00,27.9,74.1,486.9,800.0,50.0
2025-04-06 08:45:00,28.7,78.8,483.4,800.0,50.0
2025-04-06 08:50:00,27.8,75.3,484.3,800.0,50.0
2025-04-06 08:55:00,28.5,71.0,501.1,800.0,50.0
2025-04-06 09:00:00,28.5,62.2,538.6,800.0,50.0
2025-04-06 09:05:00,29.1,60.8,240.7,800.0,50.0
2025-04-06 09:10:00,28.8,63.3,535.7,800.0,50.0
2025-04-06 09:15:00,28.7,57.2,571.6,800.0,50.0
2025-04-06 09:20:00,29.1,57.7,545.6,800.0,50.0
2025-04-06 09:25:00,29.5,60.4,242.3,800.0,50.0
2025-04-06 09:30:00,29.9,58.3,593.6,800.0,50.0
2025-04-06 09:35:00,28.8,56.4,616.6,800.0,50.0
2025-04-06 09:40:00,29.0,55.8,610.7,800.0,50.0
2025-04-06 09:45:00,29.7,54.1,620.7,800.0,50.0
2025-04-06 09:50:00,30.1,53.4,658.8,800.0,50.0
2025-04-06 09:55:00,29.8,52.2,616.0,800.0,50.0
2025-04-06 10:00:00,30.1,56.2,664.5,800.0,50.0
2025-04-06 10:05:00,29.1,58.2,683.0,800.0,50.0
2025-04-06 10:10:00,30.1,61.0,677.3,800.0,50.0
2025-04-06 10:15:00,30.2,60.8,727.2,800.0,50.0
2025-04-06 10:20:00,30.0,59.9,323.9,800.0,50.0
2025-04-06 10:25:00,29.3,60.9,738.7,800.0,50.0
2025-04-06 10:30:00,30.7,58.5,100.1,800.0,50.0
2025-04-06 10:35:00,30.3,61.6,712.5,800.0,50.0
2025-04-06 10:40:00,30.4,62.5,156.1,800.0,50.0
2025-04-06 10:45:00,30.7,58.9,750.5,800.0,50.0
2025-04-06 10:50:00,29.8,64.1,751.8,800.0,50.0
2025-04-06 10:55:00,30.8,56.8,764.2,800.0,50.0
2025-04-06 11:00:00,31.6,57.5,775.6,800.0,50.0
2025-04-06 11:05:00,30.3,61.0,798.0,800.0,50.0
2025-04-06 11:10:00,31.1,61.1,794.0,800.0,50.0
2025-04-06 11:15:00,31.2,59.1,797.9,800.0,50.0
2025-04-06 11:20:00,31.8,58.7,791.0,800.0,50.0
2025-04-06 11:25:00,31.3,58.4,812.2,800.0,50.0
2025-04-06 11:30:00,31.3,62.3,815.8,800.0,50.0
2025-04-06 11:35:00,30.2,58.9,792.7,800.0,50.0
2025-04-06 11:40:00,31.3,61.0,821.4,800.0,50.0
2025-04-06 11:45:00,31.3,60.6,800.9,800.0,50.0
2025-04-06 11:50:00,30.9,59.6,815.7,800.0,50.0
2025-04-06 11:55:00,30.8,56.8,819.5,800.0,50.0
2025-04-06 12:00:00,31.0,63.9,831.0,800.0,50.0
2025-04-06 12:05:00,31.0,59.9,379.9,800.0,50.0
2025-04-06 12:10:00,30.7,62.7,849.2,800.0,50.0
2025-04-06 12:15:00,31.0,61.1,863.4,800.0,50.0
2025-04-06 12:20:00,31.6,65.3,101.7,800.0,50.0
2025-04-06 12:25:00,31.0,61.5,843.4,800.0,50.0
2025-04-06 12:30:00,30.9,62.5,245.3,800.0,50.0
2025-04-06 12:35:00,30.6,58.9,228.6,800.0,50.0
2025-04-06 12:40:00,31.2,59.6,861.1,800.0,50.0
2025-04-06 12:45:00,30.5,62.2,391.5,800.0,50.0
2025-04-06 12:50:00,31.0,64.6,849.9,800.0,50.0
2025-04-06 12:55:00,30.7,63.3,847.0,800.0,50.0
2025-04-06 13:00:00,30.7,60.6,318.6,800.0,50.0
2025-04-06 13:05:00,30.4,64.2,838.1,800.0,50.0
2025-04-06 13:10:00,31.2,62.0,823.7,800.0,50.0
2025-04-06 13:15:00,29.8,62.7,142.7,800.0,50.0
2025-04-06 13:20:00,30.1,64.8,248.3,800.0,50.0
2025-04-06 13:25:00,30.6,63.2,823.4,800.0,50.0
2025-04-06 13:30:00,30.4,65.0,824.7,800.0,50.0
2025-04-06 13:35:00,30.0,63.5,801.9,800.0,50.0
2025-04-06 13:40:00,29.8,65.8,417.1,800.0,50.0
2025-04-06 13:45:00,29.8,66.8,799.3,800.0,50.0
2025-04-06 13:50:00,30.2,62.9,824.6,800.0,50.0
2025-04-06 13:55:00,29.4,66.6,775.2,800.0,50.0
2025-04-06 14:00:00,29.7,62.3,233.5,800.0,50.0
2025-04-06 14:05:00,29.6,62.3,757.2,800.0,50.0
2025-04-06 14:10:00,29.4,66.5,745.7,800.0,50.0
2025-04-06 14:15:00,29.9,64.8,741.8,800.0,50.0
2025-04-06 14:20:00,29.1,65.2,710.1,800.0,50.0
2025-04-06 14:25:00,29.6,70.6,66.2,800.0,50.0
2025-04-06 14:30:00,29.2,68.3,737.6,800.0,50.0
2025-04-06 14:35:00,28.1,67.4,715.2,800.0,50.0
2025-04-06 14:40:00,28.4,63.6,120.4,800.0,50.0
2025-04-06 14:45:00,29.2,67.1,668.5,800.0,50.0
2025-04-06 14:50:00,28.2,71.1,138.9,800.0,50.0
2025-04-06 14:55:00,28.7,74.4,682.1,800.0,50.0
2025-04-06 15:00:00,28.3,72.8,110.7,800.0,50.0
2025-04-06 15:05:00,28.1,71.9,641.4,800.0,50.0
2025-04-06 15:10:00,28.1,69.8,184.8,800.0,50.0
2025-04-06 15:15:00,27.8,70.7,610.3,800.0,50.0
2025-04-06 15:20:00,28.2,71.9,267.1,800.0,50.0
2025-04-06 15:25:00,28.2,70.5,245.0,800.0,50.0
2025-04-06 15:30:00,28.2,73.1,591.4,800.0,50.0
2025-04-06 15:35:00,27.5,72.5,564.0,800.0,50.0
2025-04-06 15:40:00,27.0,76.1,555.5,800.0,50.0
2025-04-06 15:45:00,26.2,75.2,252.7,800.0,50.0
2025-04-06 15:50:00,26.3,72.9,517.2,800.0,50.0
2025-04-06 15:55:00,26.3,72.8,521.8,800.0,50.0
2025-04-06 16:00:00,25.7,86.9,522.5,800.0,50.0
2025-04-06 16:05:00,26.3,81.7,520.8,800.0,50.0
2025-04-06 16:10:00,26.5,82.6,496.4,800.0,50.0
2025-04-06 16:15:00,26.2,84.8,454.6,800.0,50.0
2025-04-06 16:20:00,25.2,85.9,483.3,800.0,50.0
2025-04-06 16:25:00,25.1,86.2,157.9,800.0,50.0
2025-04-06 16:30:00,25.6,83.2,466.7,800.0,50.0
2025-04-06 16:35:00,25.3,83.4,450.8,800.0,50.0
2025-04-06 16:40:00,25.2,82.8,396.0,800.0,50.0
2025-04-06 16:45:00,24.4,89.3,404.1,800.0,50.0
2025-04-06 16:50:00,25.4,88.3,391.8,800.0,50.0
2025-04-06 16:55:00,24.3,89.3,391.7,800.0,50.0
2025-04-06 17:00:00,23.9,87.7,360.5,800.0,50.0
2025-04-06 17:05:00,23.7,87.9,379.1,800.0,50.0
2025-04-06 17:10:00,23.8,87.6,166.6,800.0,50.0
2025-04-06 17:15:00,24.2,87.3,331.7,800.0,50.0
2025-04-06 17:20:00,23.9,90.2,303.4,800.0,50.0
2025-04-06 17:25:00,23.0,86.5,39.9,800.0,50.0
2025-04-06 17:30:00,23.6,90.2,294.8,800.0,50.0
2025-04-06 17:35:00,22.7,90.0,284.0,800.0,50.0
2025-04-06 17:40:00,22.9,90.9,270.1,800.0,50.0
2025-04-06 17:45:00,22.7,88.5,267.5,800.0,50.0
2025-04-06 17:50:00,22.5,92.3,73.7,800.0,50.0
2025-04-06 17:55:00,20.8,95.0,243.0,800.0,50.0
2025-04-06 18:00:00,22.1,87.5,234.8,800.0,50.0
2025-04-06 18:05:00,21.2,84.9,208.8,800.0,50.0
2025-04-06 18:10:00,21.6,86.2,68.4,800.0,50.0
2025-04-06 18:15:00,20.9,89.2,215.9,800.0,50.0
2025-04-06 18:20:00,20.5,85.2,195.5,800.0,50.0
2025-04-06 18:25:00,21.1,88.1,214.7,800.0,50.0
2025-04-06 18:30:00,21.1,87.7,204.7,800.0,50.0
2025-04-06 18:35:00,20.5,86.9,178.4,800.0,50.0
2025-04-06 18:40:00,20.8,88.2,48.8,800.0,50.0
2025-04-06 18:45:00,20.0,86.7,178.2,800.0,50.0
2025-04-06 18:50:00,19.7,84.9,181.7,800.0,50.0
2025-04-06 18:55:00,19.5,90.5,154.6,800.0,50.0
2025-04-06 19:00:00,20.0,90.6,156.1,800.0,50.0
2025-04-06 19:05:00,20.2,90.4,59.3,800.0,50.0
2025-04-06 19:10:00,21.0,89.9,130.6,800.0,50.0
2025-04-06 19:15:00,20.3,89.6,145.5,800.0,50.0
2025-04-06 19:20:00,20.2,89.4,117.8,800.0,50.0
2025-04-06 19:25:00,19.9,91.9,102.8,800.0,50.0
2025-04-06 19:30:00,20.2,87.4,103.5,800.0,50.0
2025-04-06 19:35:00,19.5,91.1,29.9,800.0,50.0
2025-04-06 19:40:00,20.4,91.6,65.4,800.0,50.0
2025-04-06 19:45:00,19.8,91.8,10.7,800.0,50.0
2025-04-06 19:50:00,20.0,95.0,99.5,800.0,50.0
2025-04-06 19:55:00,19.3,92.9,91.7,800.0,50.0
2025-04-06 20:00:00,20.3,95.0,76.1,800.0,50.0
2025-04-06 20:05:00,19.6,92.4,78.2,800.0,50.0
2025-04-06 20:10:00,18.8,94.2,47.7,800.0,50.0
2025-04-06 20:15:00,19.5,95.0,77.0,800.0,50.0
2025-04-06 20:20:00,19.5,94.1,63.9,800.0,50.0
2025-04-06 20:25:00,19.2,95.0,90.4,800.0,50.0
2025-04-06 20:30:00,19.6,91.6,63.6,800.0,50.0
2025-04-06 20:35:00,19.3,91.4,70.2,800.0,50.0
2025-04-06 20:40:00,18.7,95.0,45.5,800.0,50.0
2025-04-06 20:45:00,18.7,93.8,50.8,800.0,50.0
2025-04-06 20:50:00,19.0,95.0,73.7,800.0,50.0
2025-04-06 20:55:00,18.9,95.0,17.7,800.0,50.0
2025-04-06 21:00:00,19.3,95.0,0.0,800.0,50.0
2025-04-06 21:05:00,19.0,95.0,0.0,800.0,50.0
2025-04-06 21:10:00,18.6,94.2,0.0,800.0,50.0
2025-04-06 21:15:00,18.3,95.0,0.0,800.0,50.0
2025-04-06 21:20:00,18.5,95.0,0.0,800.0,50.0
2025-04-06 21:25:00,19.4,95.0,0.0,800.0,50.0
2025-04-06 21:30:00,18.6,95.0,0.0,800.0,50.0
2025-04-06 21:35:00,18.5,95.0,0.0,800.0,50.0
2025-04-06 21:40:00,18.8,95.0,0.0,800.0,50.0
2025-04-06 21:45:00,18.3,95.0,0.0,800.0,50.0
2025-04-06 21:50:00,18.8,94.6,0.0,800.0,50.0
2025-04-06 21:55:00,18.2,95.0,0.0,800.0,50.0
2025-04-06 22:00:00,18.2,95.0,0.0,800.0,50.0
2025-04-06 22:05:00,18.5,95.0,0.0,800.0,50.0
2025-04-06 22:10:00,18.3,95.0,0.0,800.0,50.0
2025-04-06 22:15:00,18.3,95.0,0.0,800.0,50.0
2025-04-06 22:20:00,18.5,95.0,0.0,800.0,50.0
2025-04-06 22:25:00,18.5,95.0,0.0,800.0,50.0
2025-04-06 22:30:00,18.1,95.0,0.0,800.0,50.0
2025-04-06 22:35:00,18.3,95.0,0.0,800.0,50.0
2025-04-06 22:40:00,18.5,95.0,0.0,800.0,50.0
2025-04-06 22:45:00,18.6,95.0,0.0,800.0,50.0
2025-04-06 22:50:00,17.8,95.0,0.0,800.0,50.0
2025-04-06 22:55:00,18.1,95.0,0.0,800.0,50.0
2025-04-06 23:00:00,19.0,95.0,0.0,800.0,50.0
2025-04-06 23:05:00,18.8,95.0,0.0,800.0,50.0
2025-04-06 23:10:00,19.0,95.0,0.0,800.0,50.0
2025-04-06 23:15:00,18.9,95.0,0.0,800.0,50.0
2025-04-06 23:20:00,18.7,95.0,0.0,800.0,50.0
2025-04-06 23:25:00,18.6,95.0,0.0,800.0,50.0
2025-04-06 23:30:00,17.6,93.6,0.0,800.0,50.0
2025-04-06 23:35:00,18.4,95.0,0.0,800.0,50.0
2025-04-06 23:40:00,18.5,95.0,0.0,800.0,50.0
2025-04-06 23:45:00,19.2,95.0,0.0,800.0,50.0
2025-04-06 23:50:00,18.2,95.0,0.0,800.0,50.0
2025-04-06 23:55:00,18.3,95.0,0.0,800.0,50.0
2025-04-07 00:00:00,18.0,95.0,0.0,800.0,50.0
2025-04-07 00:05:00,18.4,95.0,0.0,800.0,50.0
2025-04-07 00:10:00,19.4,95.0,0.0,800.0,50.0
2025-04-07 00:15:00,18.6,95.0,0.0,800.0,50.0
2025-04-07 00:20:00,18.8,95.0,0.0,800.0,50.0
2025-04-07 00:25:00,19.0,95.0,0.0,800.0,50.0
2025-04-07 00:30:00,18.4,95.0,0.0,800.0,50.0
2025-04-07 00:35:00,18.6,95.0,0.0,800.0,50.0
2025-04-07 00:40:00,19.7,95.0,0.0,800.0,50.0
2025-04-07 00:45:00,18.3,95.0,0.0,800.0,50.0
2025-04-07 00:50:00,19.0,95.0,0.0,800.0,50.0
2025-04-07 00:55:00,18.8,95.0,0.0,800.0,50.0
2025-04-07 01:00:00,19.5,95.0,0.0,800.0,50.0
2025-04-07 01:05:00,18.5,95.0,0.0,800.0,50.0
2025-04-07 01:10:00,19.3,95.0,0.0,800.0,50.0
2025-04-07 01:15:00,19.8,95.0,0.0,800.0,50.0
2025-04-07 01:20:00,19.2,95.0,0.0,800.0,50.0
2025-04-07 01:25:00,19.3,93.4,0.0,800.0,50.0
2025-04-07 01:30:00,19.5,95.0,0.0,800.0,50.0
2025-04-07 01:35:00,19.8,95.0,0.0,800.0,50.0
2025-04-07 01:40:00,19.6,93.2,0.0,800.0,50.0
2025-04-07 01:45:00,19.5,95.0,0.0,800.0,50.0
2025-04-07 01:50:00,19.4,94.7,0.0,800.0,50.0
2025-04-07 01:55:00,19.4,92.1,0.0,800.0,50.0
2025-04-07 02:00:00,19.8,94.5,0.0,800.0,50.0
2025-04-07 02:05:00,20.7,92.9,0.0,800.0,50.0
2025-04-07 02:10:00,20.0,91.0,0.0,800.0,50.0
2025-04-07 02:15:00,20.3,94.0,0.0,800.0,50.0
2025-04-07 02:20:00,20.7,95.0,0.0,800.0,50.0
2025-04-07 02:25:00,20.4,91.6,0.0,800.0,50.0
2025-04-07 02:30:00,20.4,92.0,0.0,800.0,50.0
2025-04-07 02:35:00,20.8,93.5,0.0,800.0,50.0
2025-04-07 02:40:00,20.4,88.5,0.0,800.0,50.0
2025-04-07 02:45:00,21.1,92.3,0.0,800.0,50.0
2025-04-07 02:50:00,20.5,91.8,0.0,800.0,50.0
2025-04-07 02:55:00,20.8,93.0,0.0,800.0,50.0
2025-04-07 03:00:00,20.1,89.2,0.0,800.0,50.0
2025-04-07 03:05:00,21.6,90.7,0.0,800.0,50.0
2025-04-07 03:10:00,21.8,86.8,0.0,800.0,50.0
2025-04-07 03:15:00,21.6,90.9,0.0,800.0,50.0
2025-04-07 03:20:00,20.6,87.9,0.0,800.0,50.0
2025-04-07 03:25:00,21.3,84.8,0.0,800.0,50.0
2025-04-07 03:30:00,21.3,89.4,0.0,800.0,50.0
2025-04-07 03:35:00,21.4,87.7,0.0,800.0,50.0
2025-04-07 03:40:00,21.7,86.8,0.0,800.0,50.0
2025-04-07 03:45:00,21.5,87.7,0.0,800.0,50.0
2025-04-07 03:50:00,21.2,86.0,0.0,800.0,50.0
2025-04-07 03:55:00,22.5,84.7,0.0,800.0,50.0
2025-04-07 04:00:00,21.8,86.6,0.0,800.0,50.0
2025-04-07 04:05:00,22.2,86.2,0.0,800.0,50.0
2025-04-07 04:10:00,22.3,79.6,0.0,800.0,50.0
2025-04-07 04:15:00,22.8,88.0,0.0,800.0,50.0
2025-04-07 04:20:00,23.0,76.4,0.0,800.0,50.0
2025-04-07 04:25:00,22.8,82.1,0.0,800.0,50.0
2025-04-07 04:30:00,22.3,82.9,0.0,800.0,50.0
2025-04-07 04:35:00,22.7,83.2,0.0,800.0,50.0
2025-04-07 04:40:00,22.9,79.5,0.0,800.0,50.0
2025-04-07 04:45:00,22.8,79.8,0.0,800.0,50.0
2025-04-07 04:50:00,22.4,78.1,0.0,800.0,50.0
2025-04-07 04:55:00,23.2,83.3,0.0,800.0,50.0
2025-04-07 05:00:00,23.1,78.5,0.0,800.0,50.0
2025-04-07 05:05:00,23.0,79.6,0.0,800.0,50.0
2025-04-07 05:10:00,24.0,83.1,0.0,800.0,50.0
2025-04-07 05:15:00,23.8,79.0,0.0,800.0,50.0
2025-04-07 05:20:00,23.6,77.5,0.0,800.0,50.0
2025-04-07 05:25:00,24.1,77.2,0.0,800.0,50.0
2025-04-07 05:30:00,23.9,77.3,0.0,800.0,50.0
2025-04-07 05:35:00,23.9,76.8,0.0,800.0,50.0
2025-04-07 05:40:00,23.4,77.6,0.0,800.0,50.0
2025-04-07 05:45:00,25.3,75.0,0.0,800.0,50.0
2025-04-07 05:50:00,24.6,77.4,0.0,800.0,50.0
2025-04-07 05:55:00,25.1,74.7,0.0,800.0,50.0
2025-04-07 06:00:00,23.9,75.4,53.7,800.0,50.0
2025-04-07 06:05:00,24.8,75.8,163.1,800.0,50.0
2025-04-07 06:10:00,25.0,74.9,155.9,800.0,50.0
2025-04-07 06:15:00,25.0,72.4,58.0,800.0,50.0
2025-04-07 06:20:00,24.9,71.1,182.1,800.0,50.0
2025-04-07 06:25:00,25.1,75.8,188.3,800.0,50.0
2025-04-07 06:30:00,25.1,77.8,98.3,800.0,50.0
2025-04-07 06:35:00,26.1,74.0,211.5,800.0,50.0
2025-04-07 06:40:00,24.8,77.4,219.3,800.0,50.0
2025-04-07 06:45:00,25.9,74.3,220.1,800.0,50.0
2025-04-07 06:50:00,25.6,74.4,215.7,800.0,50.0
2025-04-07 06:55:00,25.9,73.6,230.5,800.0,50.0
2025-04-07 07:00:00,25.6,88.6,218.7,800.0,50.0
2025-04-07 07:05:00,26.0,85.7,253.9,800.0,50.0
2025-04-07 07:10:00,26.1,86.1,242.8,800.0,50.0
2025-04-07 07:15:00,27.3,85.8,54.0,800.0,50.0
2025-04-07 07:20:00,25.9,87.6,292.7,800.0,50.0
2025-04-07 07:25:00,26.2,86.2,306.5,800.0,50.0
2025-04-07 07:30:00,26.7,83.3,304.3,800.0,50.0
2025-04-07 07:35:00,26.7,85.2,346.0,800.0,50.0
2025-04-07 07:40:00,26.4,81.6,332.0,800.0,50.0
2025-04-07 07:45:00,26.7,84.0,336.8,800.0,50.0
2025-04-07 07:50:00,26.2,84.3,353.9,800.0,50.0
2025-04-07 07:55:00,26.7,82.6,387.9,800.0,50.0
2025-04-07 08:00:00,26.9,85.2,412.5,800.0,50.0
2025-04-07 08:05:00,26.9,84.3,152.6,800.0,50.0
2025-04-07 08:10:00,26.2,82.8,392.8,800.0,50.0
2025-04-07 08:15:00,27.0,84.3,415.6,800.0,50.0
2025-04-07 08:20:00,27.3,76.5,392.0,800.0,50.0
2025-04-07 08:25:00,27.8,79.6,440.4,800.0,50.0
2025-04-07 08:30:00,27.9,77.3,416.6,800.0,50.0
2025-04-07 08:35:00,27.4,78.6,437.9,800.0,50.0
2025-04-07 08:40:00,28.2,74.0,442.3,800.0,50.0
2025-04-07 08:45:00,28.1,75.3,498.4,800.0,50.0
2025-04-07 08:50:00,28.0,73.4,198.5,800.0,50.0
2025-04-07 08:55:00,28.1,70.8,476.3,800.0,50.0
2025-04-07 09:00:00,28.3,62.2,534.2,800.0,50.0
2025-04-07 09:05:00,29.2,61.1,70.3,800.0,50.0
2025-04-07 09:10:00,28.6,59.5,545.1,800.0,50.0
2025-04-07 09:15:00,28.6,57.3,570.7,800.0,50.0
2025-04-07 09:20:00,28.5,59.9,565.9,800.0,50.0
2025-04-07 09:25:00,28.8,55.0,569.9,800.0,50.0
2025-04-07 09:30:00,28.7,60.9,586.5,800.0,50.0
2025-04-07 09:35:00,28.8,58.2,597.2,800.0,50.0
2025-04-07 09:40:00,29.0,53.0,630.4,800.0,50.0
2025-04-07 09:45:00,30.3,57.4,271.9,800.0,50.0
2025-04-07 09:50:00,28.8,55.4,633.6,800.0,50.0
2025-04-07 09:55:00,30.3,52.5,641.5,800.0,50.0
2025-04-07 10:00:00,28.9,60.5,666.2,800.0,50.0
2025-04-07 10:05:00,30.0,63.1,179.5,800.0,50.0
2025-04-07 10:10:00,30.4,56.7,674.6,800.0,50.0
2025-04-07 10:15:00,30.4,61.4,721.2,800.0,50.0
2025-04-07 10:20:00,30.5,60.5,716.7,800.0,50.0
2025-04-07 10:25:00,29.7,60.7,698.5,800.0,50.0
2025-04-07 10:30:00,30.0,58.6,719.6,800.0,50.0
2025-04-07 10:35:00,30.3,65.9,735.8,800.0,50.0
2025-04-07 10:40:00,31.1,56.9,772.4,800.0,50.0
2025-04-07 10:45:00,30.9,59.3,139.4,800.0,50.0
2025-04-07 10:50:00,31.2,60.0,749.9,800.0,50.0
2025-04-07 10:55:00,31.2,56.7,73.1,800.0,50.0
2025-04-07 11:00:00,30.8,60.1,81.3,800.0,50.0
2025-04-07 11:05:00,31.1,61.1,796.0,800.0,50.0
2025-04-07 11:10:00,31.6,58.1,778.3,800.0,50.0
2025-04-07 11:15:00,31.7,60.1,776.9,800.0,50.0
2025-04-07 11:20:00,31.2,61.7,809.1,800.0,50.0
2025-04-07 11:25:00,30.7,62.1,810.3,800.0,50.0
2025-04-07 11:30:00,30.9,59.4,822.7,800.0,50.0
2025-04-07 11:35:00,30.7,63.5,830.7,800.0,50.0
2025-04-07 11:40:00,31.4,62.7,856.1,800.0,50.0
2025-04-07 11:45:00,31.2,63.6,822.2,800.0,50.0
2025-04-07 11:50:00,31.2,62.0,819.7,800.0,50.0
2025-04-07 11:55:00,31.2,62.3,840.8,800.0,50.0
2025-04-07 12:00:00,30.6,61.8,824.7,800.0,50.0
2025-04-07 12:05:00,30.8,58.9,835.8,800.0,50.0
2025-04-07 12:10:00,30.4,59.8,863.3,800.0,50.0
2025-04-07 12:15:00,30.7,60.9,854.5,800.0,50.0
2025-04-07 12:20:00,30.5,61.7,881.7,800.0,50.0
2025-04-07 12:25:00,31.0,61.1,864.2,800.0,50.0
2025-04-07 12:30:00,30.9,64.8,845.2,800.0,50.0
2025-04-07 12:35:00,30.9,63.8,70.5,800.0,50.0
2025-04-07 12:40:00,30.1,60.7,838.2,800.0,50.0
2025-04-07 12:45:00,30.6,62.4,877.3,800.0,50.0
2025-04-07 12:50:00,31.1,58.9,146.8,800.0,50.0
2025-04-07 12:55:00,31.1,64.4,862.3,800.0,50.0
2025-04-07 13:00:00,30.5,62.9,841.4,800.0,50.0
2025-04-07 13:05:00,31.2,60.2,825.4,800.0,50.0
2025-04-07 13:10:00,30.9,63.9,839.8,800.0,50.0
2025-04-07 13:15:00,31.1,63.5,846.1,800.0,50.0
2025-04-07 13:20:00,31.0,64.6,827.0,800.0,50.0
2025-04-07 13:25:00,30.6,63.1,370.3,800.0,50.0
2025-04-07 13:30:00,29.9,66.3,810.9,800.0,50.0
2025-04-07 13:35:00,30.4,65.7,812.4,800.0,50.0
2025-04-07 13:40:00,30.8,63.1,815.1,800.0,50.0
2025-04-07 13:45:00,30.5,64.1,254.4,800.0,50.0
2025-04-07 13:50:00,30.0,68.4,789.1,800.0,50.0
2025-04-07 13:55:00,29.7,64.9,354.0,800.0,50.0
2025-04-07 14:00:00,29.8,65.8,781.4,800.0,50.0
2025-04-07 14:05:00,29.7,67.6,765.5,800.0,50.0
2025-04-07 14:10:00,29.1,66.7,325.3,800.0,50.0
2025-04-07 14:15:00,29.1,65.6,753.6,800.0,50.0
2025-04-07 14:20:00,29.5,65.7,776.1,800.0,50.0
2025-04-07 14:25:00,28.8,68.5,720.7,800.0,50.0
2025-04-07 14:30:00,28.7,68.7,718.9,800.0,50.0
2025-04-07 14:35:00,28.5,69.8,699.4,800.0,50.0
2025-04-07 14:40:00,29.0,66.1,194.3,800.0,50.0
2025-04-07 14:45:00,29.2,66.0,703.7,800.0,50.0
2025-04-07 14:50:00,28.7,68.2,665.6,800.0,50.0
2025-04-07 14:55:00,28.8,67.3,139.7,800.0,50.0
2025-04-07 15:00:00,28.3,70.0,651.3,800.0,50.0
2025-04-07 15:05:00,28.1,70.3,657.6,800.0,50.0
2025-04-07 15:10:00,28.5,75.2,664.2,800.0,50.0
2025-04-07 15:15:00,27.5,69.6,80.1,800.0,50.0
2025-04-07 15:20:00,28.0,72.4,590.3,800.0,50.0
2025-04-07 15:25:00,27.4,68.6,602.3,800.0,50.0
2025-04-07 15:30:00,27.4,74.1,569.0,800.0,50.0
2025-04-07 15:35:00,26.5,72.0,602.3,800.0,50.0
2025-04-07 15:40:00,27.0,74.0,544.4,800.0,50.0
2025-04-07 15:45:00,26.7,78.0,538.2,800.0,50.0
2025-04-07 15:50:00,27.1,73.4,529.2,800.0,50.0
2025-04-07 15:55:00,26.5,77.0,525.7,800.0,50.0
2025-04-07 16:00:00,26.4,85.4,70.6,800.0,50.0
2025-04-07 16:05:00,25.8,81.9,517.6,800.0,50.0
2025-04-07 16:10:00,25.3,80.5,486.5,800.0,50.0
2025-04-07 16:15:00,25.7,83.0,462.3,800.0,50.0
2025-04-07 16:20:00,25.8,86.5,449.2,800.0,50.0
2025-04-07 16:25:00,26.2,84.2,130.5,800.0,50.0
2025-04-07 16:30:00,25.8,85.6,182.7,800.0,50.0
2025-04-07 16:35:00,24.7,84.0,105.1,800.0,50.0
2025-04-07 16:40:00,24.9,89.0,425.5,800.0,50.0
2025-04-07 16:45:00,25.1,83.3,405.7,800.0,50.0
2025-04-07 16:50:00,24.1,87.9,388.1,800.0,50.0
2025-04-07 16:55:00,25.0,89.7,383.1,800.0,50.0
2025-04-07 17:00:00,24.0,88.1,62.3,800.0,50.0
2025-04-07 17:05:00,24.2,88.0,346.5,800.0,50.0
2025-04-07 17:10:00,23.6,90.0,176.3,800.0,50.0
2025-04-07 17:15:00,23.5,90.1,152.5,800.0,50.0
2025-04-07 17:20:00,23.7,92.6,319.0,800.0,50.0
2025-04-07 17:25:00,23.2,95.0,321.4,800.0,50.0
2025-04-07 17:30:00,22.3,89.8,291.3,800.0,50.0
2025-04-07 17:35:00,22.8,93.9,307.6,800.0,50.0
2025-04-07 17:40:00,22.9,90.2,161.3,800.0,50.0
2025-04-07 17:45:00,22.8,91.3,128.6,800.0,50.0
2025-04-07 17:50:00,22.1,91.6,260.1,800.0,50.0
2025-04-07 17:55:00,22.3,94.6,253.9,800.0,50.0
2025-04-07 18:00:00,21.6,86.0,229.1,800.0,50.0
2025-04-07 18:05:00,21.9,85.8,240.9,800.0,50.0
2025-04-07 18:10:00,21.3,87.3,213.6,800.0,50.0
2025-04-07 18:15:00,21.8,89.3,215.7,800.0,50.0
2025-04-07 18:20:00,21.9,86.4,194.1,800.0,50.0
2025-04-07 18:25:00,21.4,85.4,25.6,800.0,50.0
2025-04-07 18:30:00,20.9,84.8,200.2,800.0,50.0
2025-04-07 18:35:00,20.6,86.8,192.0,800.0,50.0
2025-04-07 18:40:00,19.8,90.4,192.9,800.0,50.0
2025-04-07 18:45:00,20.0,93.0,160.8,800.0,50.0
2025-04-07 18:50:00,20.7,90.7,153.1,800.0,50.0
2025-04-07 18:55:00,21.0,89.6,173.0,800.0,50.0
2025-04-07 19:00:00,20.7,92.6,169.5,800.0,50.0
2025-04-07 19:05:00,20.6,90.7,121.7,800.0,50.0
2025-04-07 19:10:00,21.2,88.0,141.2,800.0,50.0
2025-04-07 19:15:00,20.5,90.6,125.0,800.0,50.0
2025-04-07 19:20:00,20.5,91.4,119.9,800.0,50.0
2025-04-07 19:25:00,21.1,92.4,45.4,800.0,50.0
2025-04-07 19:30:00,20.7,93.4,97.5,800.0,50.0
2025-04-07 19:35:00,19.9,95.0,94.1,800.0,50.0
2025-04-07 19:40:00,20.1,92.2,136.7,800.0,50.0
2025-04-07 19:45:00,19.4,89.2,77.0,800.0,50.0
2025-04-07 19:50:00,20.3,94.5,115.5,800.0,50.0
2025-04-07 19:55:00,20.6,93.3,55.5,800.0,50.0
2025-04-07 20:00:00,19.7,93.2,37.9,800.0,50.0
2025-04-07 20:05:00,19.8,95.0,60.5,800.0,50.0
2025-04-07 20:10:00,20.0,94.9,44.5,800.0,50.0
2025-04-07 20:15:00,19.0,94.0,71.3,800.0,50.0
2025-04-07 20:20:00,19.0,95.0,82.1,800.0,50.0
2025-04-07 20:25:00,19.8,91.7,65.8,800.0,50.0
2025-04-07 20:30:00,19.0,95.0,48.8,800.0,50.0
2025-04-07 20:35:00,19.6,95.0,39.8,800.0,50.0
2025-04-07 20:40:00,18.9,95.0,50.4,800.0,50.0
2025-04-07 20:45:00,19.4,95.0,72.9,800.0,50.0
2025-04-07 20:50:00,19.7,94.8,13.6,800.0,50.0
2025-04-07 20:55:00,19.3,95.0,41.7,800.0,50.0
2025-04-07 21:00:00,18.5,95.0,0.0,800.0,50.0
2025-04-07 21:05:00,19.2,95.0,0.0,800.0,50.0
2025-04-07 21:10:00,18.5,95.0,0.0,800.0,50.0
2025-04-07 21:15:00,19.4,95.0,0.0,800.0,50.0
2025-04-07 21:20:00,18.6,95.0,0.0,800.0,50.0
2025-04-07 21:25:00,18.4,95.0,0.0,800.0,50.0
2025-04-07 21:30:00,19.3,95.0,0.0,800.0,50.0
2025-04-07 21:35:00,18.4,93.4,0.0,800.0,50.0
2025-04-07 21:40:00,18.1,95.0,0.0,800.0,50.0
2025-04-07 21:45:00,18.7,95.0,0.0,800.0,50.0
2025-04-07 21:50:00,18.0,95.0,0.0,800.0,50.0
2025-04-07 21:55:00,18.8,95.0,0.0,800.0,50.0
2025-04-07 22:00:00,17.8,95.0,0.0,800.0,50.0
2025-04-07 22:05:00,17.9,95.0,0.0,800.0,50.0
2025-04-07 22:10:00,18.8,95.0,0.0,800.0,50.0
2025-04-07 22:15:00,18.1,95.0,0.0,800.0,50.0
2025-04-07 22:20:00,17.5,95.0,0.0,800.0,50.0
2025-04-07 22:25:00,18.3,95.0,0.0,800.0,50.0
2025-04-07 22:30:00,18.0,95.0,0.0,800.0,50.0
2025-04-07 22:35:00,17.8,95.0,0.0,800.0,50.0
2025-04-07 22:40:00,17.9,95.0,0.0,800.0,50.0
2025-04-07 22:45:00,18.1,95.0,0.0,800.0,50.0
2025-04-07 22:50:00,18.2,95.0,0.0,800.0,50.0
2025-04-07 22:55:00,18.3,95.0,0.0,800.0,50.0
2025-04-07 23:00:00,17.9,95.0,0.0,800.0,50.0
2025-04-07 23:05:00,18.0,95.0,0.0,800.0,50.0
2025-04-07 23:10:00,18.6,95.0,0.0,800.0,50.0
2025-04-07 23:15:00,18.4,95.0,0.0,800.0,50.0
2025-04-07 23:20:00,18.4,95.0,0.0,800.0,50.0
2025-04-07 23:25:00,17.6,95.0,0.0,800.0,50.0
2025-04-07 23:30:00,18.8,95.0,0.0,800.0,50.0
2025-04-07 23:35:00,18.3,95.0,0.0,800.0,50.0
2025-04-07 23:40:00,18.7,95.0,0.0,800.0,50.0
2025-04-07 23:45:00,18.1,95.0,0.0,800.0,50.0
2025-04-07 23:50:00,18.7,95.0,0.0,800.0,50.0
2025-04-07 23:55:00,18.4,95.0,0.0,800.0,50.0
2025-04-08 00:00:00,18.7,95.0,0.0,800.0,50.0
2025-04-08 00:05:00,18.6,95.0,0.0,800.0,50.0
2025-04-08 00:10:00,19.0,95.0,0.0,800.0,50.0
2025-04-08 00:15:00,18.3,95.0,0.0,800.0,50.0
2025-04-08 00:20:00,19.1,95.0,0.0,800.0,50.0
2025-04-08 00:25:00,18.7,95.0,0.0,800.0,50.0
2025-04-08 00:30:00,19.3,95.0,0.0,800.0,50.0
2025-04-08 00:35:00,19.0,95.0,0.0,800.0,50.0
2025-04-08 00:40:00,19.3,95.0,0.0,800.0,50.0
2025-04-08 00:45:00,19.4,95.0,0.0,800.0,50.0
2025-04-08 00:50:00,18.5,95.0,0.0,800.0,50.0
2025-04-08 00:55:00,19.6,95.0,0.0,800.0,50.0
2025-04-08 01:00:00,18.8,95.0,0.0,800.0,50.0
2025-04-08 01:05:00,19.2,95.0,0.0,800.0,50.0
2025-04-08 01:10:00,19.9,95.0,0.0,800.0,50.0
2025-04-08 01:15:00,18.2,95.0,0.0,800.0,50.0
2025-04-08 01:20:00,19.2,95.0,0.0,800.0,50.0
2025-04-08 01:25:00,19.2,95.0,0.0,800.0,50.0
2025-04-08 01:30:00,19.9,95.0,0.0,800.0,50.0
2025-04-08 01:35:00,19.4,95.0,0.0,800.0,50.0
2025-04-08 01:40:00,19.6,93.7,0.0,800.0,50.0
2025-04-08 01:45:00,19.9,95.0,0.0,800.0,50.0
2025-04-08 01:50:00,20.3,95.0,0.0,800.0,50.0
2025-04-08 01:55:00,19.5,95.0,0.0,800.0,50.0
2025-04-08 02:00:00,19.5,95.0,0.0,800.0,50.0
2025-04-08 02:05:00,19.7,91.8,0.0,800.0,50.0
2025-04-08 02:10:00,20.1,88.2,0.0,800.0,50.0
2025-04-08 02:15:00,19.4,92.8,0.0,800.0,50.0
2025-04-08 02:20:00,20.2,92.1,0.0,800.0,50.0
2025-04-08 02:25:00,19.6,90.9,0.0,800.0,50.0
2025-04-08 02:30:00,20.5,93.3,0.0,800.0,50.0
2025-04-08 02:35:00,20.4,94.1,0.0,800.0,50.0
2025-04-08 02:40:00,20.7,90.0,0.0,800.0,50.0
2025-04-08 02:45:00,20.5,88.3,0.0,800.0,50.0
2025-04-08 02:50:00,20.7,93.0,0.0,800.0,50.0
2025-04-08 02:55:00,21.1,93.2,0.0,800.0,50.0
2025-04-08 03:00:00,20.8,92.7,0.0,800.0,50.0
2025-04-08 03:05:00,20.9,92.6,0.0,800.0,50.0
2025-04-08 03:10:00,21.1,90.6,0.0,800.0,50.0
2025-04-08 03:15:00,21.8,88.5,0.0,800.0,50.0
2025-04-08 03:20:00,21.4,91.0,0.0,800.0,50.0
2025-04-08 03:25:00,21.3,85.4,0.0,800.0,50.0
2025-04-08 03:30:00,22.3,86.7,0.0,800.0,50.0
2025-04-08 03:35:00,21.7,89.6,0.0,800.0,50.0
2025-04-08 03:40:00,21.4,84.8,0.0,800.0,50.0
2025-04-08 03:45:00,21.9,82.8,0.0,800.0,50.0
2025-04-08 03:50:00,21.8,86.5,0.0,800.0,50.0
2025-04-08 03:55:00,21.9,82.5,0.0,800.0,50.0
2025-04-08 04:00:00,22.7,85.4,0.0,800.0,50.0
2025-04-08 04:05:00,22.8,84.2,0.0,800.0,50.0
2025-04-08 04:10:00,22.0,84.9,0.0,800.0,50.0
2025-04-08 04:15:00,22.3,81.5,0.0,800.0,50.0
2025-04-08 04:20:00,23.1,82.2,0.0,800.0,50.0
2025-04-08 04:25:00,21.9,85.7,0.0,800.0,50.0
2025-04-08 04:30:00,22.5,81.4,0.0,800.0,50.0
2025-04-08 04:35:00,22.1,85.7,0.0,800.0,50.0
2025-04-08 04:40:00,22.4,81.9,0.0,800.0,50.0
2025-04-08 04:45:00,23.4,82.2,0.0,800.0,50.0
2025-04-08 04:50:00,23.2,77.5,0.0,800.0,50.0
2025-04-08 04:55:00,23.0,80.8,0.0,800.0,50.0
2025-04-08 05:00:00,23.1,80.4,0.0,800.0,50.0
2025-04-08 05:05:00,23.8,81.5,0.0,800.0,50.0
2025-04-08 05:10:00,23.1,83.5,0.0,800.0,50.0
2025-04-08 05:15:00,24.0,78.7,0.0,800.0,50.0
2025-04-08 05:20:00,24.3,83.0,0.0,800.0,50.0
2025-04-08 05:25:00,23.4,77.4,0.0,800.0,50.0
2025-04-08 05:30:00,23.1,77.8,0.0,800.0,50.0
2025-04-08 05:35:00,24.3,76.9,0.0,800.0,50.0
2025-04-08 05:40:00,24.0,72.4,0.0,800.0,50.0
2025-04-08 05:45:00,24.5,79.0,0.0,800.0,50.0
2025-04-08 05:50:00,24.2,76.6,0.0,800.0,50.0
2025-04-08 05:55:00,24.0,76.2,0.0,800.0,50.0
2025-04-08 06:00:00,24.5,73.3,63.5,800.0,50.0
2025-04-08 06:05:00,24.6,75.9,50.8,800.0,50.0
2025-04-08 06:10:00,24.7,75.3,141.7,800.0,50.0
2025-04-08 06:15:00,24.8,76.8,155.5,800.0,50.0
2025-04-08 06:20:00,25.3,74.0,189.9,800.0,50.0
2025-04-08 06:25:00,25.6,76.8,177.4,800.0,50.0
2025-04-08 06:30:00,24.8,79.4,199.0,800.0,50.0
2025-04-08 06:35:00,25.4,76.0,210.9,800.0,50.0
2025-04-08 06:40:00,25.9,71.3,205.2,800.0,50.0
2025-04-08 06:45:00,24.9,77.0,219.1,800.0,50.0
2025-04-08 06:50:00,25.8,75.6,231.4,800.0,50.0
2025-04-08 06:55:00,25.8,77.2,242.8,800.0,50.0
2025-04-08 07:00:00,25.9,85.1,254.4,800.0,50.0
2025-04-08 07:05:00,25.8,86.7,240.0,800.0,50.0
2025-04-08 07:10:00,26.1,87.1,33.9,800.0,50.0
2025-04-08 07:15:00,25.9,87.6,82.9,800.0,50.0
2025-04-08 07:20:00,26.2,87.3,118.1,800.0,50.0
2025-04-08 07:25:00,26.8,83.9,283.7,800.0,50.0
2025-04-08 07:30:00,26.4,87.4,273.1,800.0,50.0
2025-04-08 07:35:00,26.0,85.0,299.4,800.0,50.0
2025-04-08 07:40:00,26.6,84.2,343.7,800.0,50.0
2025-04-08 07:45:00,27.3,87.4,342.7,800.0,50.0
2025-04-08 07:50:00,26.4,83.2,365.2,800.0,50.0
2025-04-08 07:55:00,26.8,86.9,373.5,800.0,50.0
2025-04-08 08:00:00,26.5,86.1,364.4,800.0,50.0
2025-04-08 08:05:00,27.6,80.5,380.0,800.0,50.0
2025-04-08 08:10:00,27.3,80.0,420.2,800.0,50.0
2025-04-08 08:15:00,27.0,80.9,396.5,800.0,50.0
2025-04-08 08:20:00,27.4,80.6,430.7,800.0,50.0
2025-04-08 08:25:00,27.8,84.9,415.0,800.0,50.0
2025-04-08 08:30:00,27.8,80.0,418.9,800.0,50.0
2025-04-08 08:35:00,27.4,75.2,440.6,800.0,50.0
2025-04-08 08:40:00,28.2,75.4,109.6,800.0,50.0
2025-04-08 08:45:00,28.2,76.3,483.1,800.0,50.0
2025-04-08 08:50:00,27.6,69.8,492.2,800.0,50.0
2025-04-08 08:55:00,29.2,75.4,138.1,800.0,50.0
2025-04-08 09:00:00,28.8,63.5,483.7,800.0,50.0
2025-04-08 09:05:00,29.0,66.0,532.1,800.0,50.0
2025-04-08 09:10:00,29.2,61.7,176.7,800.0,50.0
2025-04-08 09:15:00,28.7,61.5,532.8,800.0,50.0
2025-04-08 09:20:00,29.5,58.8,560.8,800.0,50.0
2025-04-08 09:25:00,29.1,58.3,556.6,800.0,50.0
2025-04-08 09:30:00,29.4,57.0,582.4,800.0,50.0
2025-04-08 09:35:00,29.8,59.0,618.6,800.0,50.0
2025-04-08 09:40:00,29.6,55.2,620.6,800.0,50.0
2025-04-08 09:45:00,29.9,59.9,610.6,800.0,50.0
2025-04-08 09:50:00,29.7,57.3,639.8,800.0,50.0
2025-04-08 09:55:00,29.2,50.1,224.4,800.0,50.0
2025-04-08 10:00:00,29.7,59.5,665.2,800.0,50.0
2025-04-08 10:05:00,29.5,58.9,638.1,800.0,50.0
2025-04-08 10:10:00,30.0,59.7,651.2,800.0,50.0
2025-04-08 10:15:00,29.7,60.4,683.2,800.0,50.0
2025-04-08 10:20:00,31.0,61.3,140.9,800.0,50.0
2025-04-08 10:25:00,30.0,58.5,705.7,800.0,50.0
2025-04-08 10:30:00,30.0,60.4,311.4,800.0,50.0
2025-04-08 10:35:00,30.1,62.0,705.1,800.0,50.0
2025-04-08 10:40:00,30.6,59.8,182.3,800.0,50.0
2025-04-08 10:45:00,31.0,60.1,745.5,800.0,50.0
2025-04-08 10:50:00,30.8,61.0,770.0,800.0,50.0
2025-04-08 10:55:00,30.8,59.0,781.6,800.0,50.0
2025-04-08 11:00:00,30.8,56.5,764.0,800.0,50.0
2025-04-08 11:05:00,30.9,61.7,792.5,800.0,50.0
2025-04-08 11:10:00,30.6,63.7,791.8,800.0,50.0
2025-04-08 11:15:00,31.4,61.4,802.7,800.0,50.0
2025-04-08 11:20:00,31.4,58.5,818.9,800.0,50.0
2025-04-08 11:25:00,30.9,58.8,833.6,800.0,50.0
2025-04-08 11:30:00,30.5,58.4,319.7,800.0,50.0
2025-04-08 11:35:00,30.4,60.6,820.7,800.0,50.0
2025-04-08 11:40:00,31.7,63.4,816.7,800.0,50.0
2025-04-08 11:45:00,31.0,62.4,170.5,800.0,50.0
2025-04-08 11:50:00,30.6,61.4,828.5,800.0,50.0
2025-04-08 11:55:00,31.3,58.4,828.7,800.0,50.0
2025-04-08 12:00:00,31.5,60.8,349.3,800.0,50.0
2025-04-08 12:05:00,31.2,58.5,838.6,800.0,50.0
2025-04-08 12:10:00,31.2,57.6,835.9,800.0,50.0
2025-04-08 12:15:00,31.5,63.2,828.5,800.0,50.0
2025-04-08 12:20:00,30.8,54.5,852.9,800.0,50.0
2025-04-08 12:25:00,30.8,62.2,839.0,800.0,50.0
2025-04-08 12:30:00,30.6,61.0,849.0,800.0,50.0
2025-04-08 12:35:00,30.5,60.1,862.6,800.0,50.0
2025-04-08 12:40:00,30.8,64.2,842.6,800.0,50.0
2025-04-08 12:45:00,30.4,61.2,862.3,800.0,50.0
2025-04-08 12:50:00,31.1,65.6,818.6,800.0,50.0
2025-04-08 12:55:00,31.1,61.7,854.5,800.0,50.0
2025-04-08 13:00:00,30.3,59.5,826.4,800.0,50.0
2025-04-08 13:05:00,30.0,63.1,865.4,800.0,50.0
2025-04-08 13:10:00,30.6,61.9,851.5,800.0,50.0
2025-04-08 13:15:00,30.6,64.4,321.3,800.0,50.0
2025-04-08 13:20:00,30.6,64.7,819.0,800.0,50.0
2025-04-08 13:25:00,30.4,63.5,181.9,800.0,50.0
2025-04-08 13:30:00,30.4,62.7,836.2,800.0,50.0
2025-04-08 13:35:00,30.3,65.0,321.4,800.0,50.0
2025-04-08 13:40:00,30.8,60.8,813.9,800.0,50.0
2025-04-08 13:45:00,30.0,65.7,362.2,800.0,50.0
2025-04-08 13:50:00,29.5,62.3,769.5,800.0,50.0
2025-04-08 13:55:00,30.7,65.5,782.3,800.0,50.0
2025-04-08 14:00:00,30.2,67.7,766.0,800.0,50.0
2025-04-08 14:05:00,29.6,67.7,759.4,800.0,50.0
2025-04-08 14:10:00,29.5,66.5,162.4,800.0,50.0
2025-04-08 14:15:00,29.5,66.5,758.0,800.0,50.0
2025-04-08 14:20:00,29.6,68.7,762.9,800.0,50.0
2025-04-08 14:25:00,29.8,69.2,762.9,800.0,50.0
2025-04-08 14:30:00,29.5,69.3,755.6,800.0,50.0
2025-04-08 14:35:00,27.9,67.7,730.8,800.0,50.0
2025-04-08 14:40:00,28.6,68.6,696.8,800.0,50.0
2025-04-08 14:45:00,28.9,72.1,127.8,800.0,50.0
2025-04-08 14:50:00,28.6,69.8,688.1,800.0,50.0
2025-04-08 14:55:00,28.1,72.8,324.7,800.0,50.0
2025-04-08 15:00:00,27.7,68.1,673.7,800.0,50.0
2025-04-08 15:05:00,28.1,70.0,653.9,800.0,50.0
2025-04-08 15:10:00,28.2,67.7,607.2,800.0,50.0
2025-04-08 15:15:00,28.2,73.4,603.7,800.0,50.0
2025-04-08 15:20:00,28.2,72.2,570.7,800.0,50.0
2025-04-08 15:25:00,28.0,72.0,596.8,800.0,50.0
2025-04-08 15:30:00,28.0,73.5,565.4,800.0,50.0
2025-04-08 15:35:00,27.5,72.5,564.8,800.0,50.0
2025-04-08 15:40:00,27.6,71.3,582.1,800.0,50.0
2025-04-08 15:45:00,26.6,76.2,573.3,800.0,50.0
2025-04-08 15:50:00,27.0,73.7,517.4,800.0,50.0
2025-04-08 15:55:00,26.8,73.2,511.2,800.0,50.0
2025-04-08 16:00:00,26.5,79.1,254.0,800.0,50.0
2025-04-08 16:05:00,26.6,82.3,528.4,800.0,50.0
2025-04-08 16:10:00,25.6,81.6,531.7,800.0,50.0
2025-04-08 16:15:00,25.9,82.3,36.8,800.0,50.0
2025-04-08 16:20:00,25.7,84.3,199.9,800.0,50.0
2025-04-08 16:25:00,25.5,86.2,448.6,800.0,50.0
2025-04-08 16:30:00,25.5,81.5,427.7,800.0,50.0
2025-04-08 16:35:00,25.3,88.5,416.2,800.0,50.0
2025-04-08 16:40:00,25.0,88.8,405.9,800.0,50.0
2025-04-08 16:45:00,25.1,85.8,394.0,800.0,50.0
2025-04-08 16:50:00,24.6,83.8,111.0,800.0,50.0
2025-04-08 16:55:00,24.5,90.2,384.4,800.0,50.0
2025-04-08 17:00:00,24.3,87.6,361.2,800.0,50.0
2025-04-08 17:05:00,23.9,89.3,368.5,800.0,50.0
2025-04-08 17:10:00,22.7,89.7,341.9,800.0,50.0
2025-04-08 17:15:00,23.8,88.4,361.4,800.0,50.0
2025-04-08 17:20:00,24.1,88.3,339.4,800.0,50.0
2025-04-08 17:25:00,23.8,89.0,300.4,800.0,50.0
2025-04-08 17:30:00,23.7,89.1,302.1,800.0,50.0
2025-04-08 17:35:00,22.6,88.7,117.2,800.0,50.0
2025-04-08 17:40:00,22.9,95.0,278.7,800.0,50.0
2025-04-08 17:45:00,22.6,91.6,285.0,800.0,50.0
2025-04-08 17:50:00,22.2,94.5,260.0,800.0,50.0
2025-04-08 17:55:00,22.0,93.4,251.3,800.0,50.0
2025-04-08 18:00:00,22.2,85.4,216.3,800.0,50.0
2025-04-08 18:05:00,22.8,85.0,207.8,800.0,50.0
2025-04-08 18:10:00,22.6,85.2,235.9,800.0,50.0
2025-04-08 18:15:00,21.5,90.0,198.3,800.0,50.0
2025-04-08 18:20:00,21.4,90.2,216.2,800.0,50.0
2025-04-08 18:25:00,21.8,84.7,221.0,800.0,50.0
2025-04-08 18:30:00,20.5,91.1,120.9,800.0,50.0
2025-04-08 18:35:00,20.9,84.5,171.4,800.0,50.0
2025-04-08 18:40:00,21.1,83.9,163.2,800.0,50.0
2025-04-08 18:45:00,20.5,86.3,81.4,800.0,50.0
2025-04-08 18:50:00,21.0,91.4,169.0,800.0,50.0
2025-04-08 18:55:00,20.4,88.4,177.6,800.0,50.0
2025-04-08 19:00:00,21.0,90.6,16.6,800.0,50.0
2025-04-08 19:05:00,20.4,90.0,22.6,800.0,50.0
2025-04-08 19:10:00,20.8,93.5,23.6,800.0,50.0
2025-04-08 19:15:00,20.5,93.5,147.9,800.0,50.0
2025-04-08 19:20:00,20.8,95.0,158.0,800.0,50.0
2025-04-08 19:25:00,20.0,93.3,35.6,800.0,50.0
2025-04-08 19:30:00,20.8,93.5,112.8,800.0,50.0
2025-04-08 19:35:00,20.0,94.3,110.8,800.0,50.0
2025-04-08 19:40:00,20.5,95.0,118.0,800.0,50.0
2025-04-08 19:45:00,20.0,95.0,88.9,800.0,50.0
2025-04-08 19:50:00,20.7,92.9,124.2,800.0,50.0
2025-04-08 19:55:00,19.9,95.0,74.2,800.0,50.0
2025-04-08 20:00:00,19.8,95.0,41.3,800.0,50.0
2025-04-08 20:05:00,19.5,93.2,14.1,800.0,50.0
2025-04-08 20:10:00,19.4,92.6,60.0,800.0,50.0
2025-04-08 20:15:00,19.3,95.0,11.7,800.0,50.0
2025-04-08 20:20:00,20.4,95.0,53.7,800.0,50.0
2025-04-08 20:25:00,19.1,94.7,54.5,800.0,50.0
2025-04-08 20:30:00,20.3,95.0,48.4,800.0,50.0
2025-04-08 20:35:00,19.9,95.0,0.0,800.0,50.0
2025-04-08 20:40:00,19.6,95.0,66.4,800.0,50.0
2025-04-08 20:45:00,19.8,95.0,71.1,800.0,50.0
2025-04-08 20:50:00,20.4,95.0,59.2,800.0,50.0
2025-04-08 20:55:00,19.2,95.0,40.2,800.0,50.0
2025-04-08 21:00:00,19.1,95.0,0.0,800.0,50.0
2025-04-08 21:05:00,18.8,95.0,0.0,800.0,50.0
2025-04-08 21:10:00,19.3,95.0,0.0,800.0,50.0
2025-04-08 21:15:00,18.7,95.0,0.0,800.0,50.0
2025-04-08 21:20:00,18.5,95.0,0.0,800.0,50.0
2025-04-08 21:25:00,18.5,95.0,0.0,800.0,50.0
2025-04-08 21:30:00,18.4,95.0,0.0,800.0,50.0
2025-04-08 21:35:00,18.5,95.0,0.0,800.0,50.0
2025-04-08 21:40:00,19.2,95.0,0.0,800.0,50.0
2025-04-08 21:45:00,18.8,95.0,0.0,800.0,50.0
2025-04-08 21:50:00,18.2,95.0,0.0,800.0,50.0
2025-04-08 21:55:00,18.3,95.0,0.0,800.0,50.0
2025-04-08 22:00:00,19.0,95.0,0.0,800.0,50.0
2025-04-08 22:05:00,19.0,95.0,0.0,800.0,50.0
2025-04-08 22:10:00,19.2,95.0,0.0,800.0,50.0
2025-04-08 22:15:00,18.0,95.0,0.0,800.0,50.0
2025-04-08 22:20:00,18.6,95.0,0.0,800.0,50.0
2025-04-08 22:25:00,18.3,95.0,0.0,800.0,50.0
2025-04-08 22:30:00,18.6,95.0,0.0,800.0,50.0
2025-04-08 22:35:00,18.6,95.0,0.0,800.0,50.0
2025-04-08 22:40:00,18.6,95.0,0.0,800.0,50.0
2025-04-08 22:45:00,18.8,95.0,0.0,800.0,50.0
2025-04-08 22:50:00,18.3,95.0,0.0,800.0,50.0
2025-04-08 22:55:00,18.3,95.0,0.0,800.0,50.0
2025-04-08 23:00:00,18.3,95.0,0.0,800.0,50.0
2025-04-08 23:05:00,18.6,95.0,0.0,800.0,50.0
2025-04-08 23:10:00,18.9,95.0,0.0,800.0,50.0
2025-04-08 23:15:00,17.9,95.0,0.0,800.0,50.0
2025-04-08 23:20:00,18.4,95.0,0.0,800.0,50.0
2025-04-08 23:25:00,19.0,95.0,0.0,800.0,50.0
2025-04-08 23:30:00,18.6,95.0,0.0,800.0,50.0
2025-04-08 23:35:00,18.2,95.0,0.0,800.0,50.0
2025-04-08 23:40:00,18.4,95.0,0.0,800.0,50.0
2025-04-08 23:45:00,18.2,95.0,0.0,800.0,50.0
2025-04-08 23:50:00,18.4,95.0,0.0,800.0,50.0
2025-04-08 23:55:00,17.8,95.0,0.0,800.0,50.0
2025-04-09 00:00:00,19.0,95.0,0.0,800.0,50.0
2025-04-09 00:05:00,18.6,95.0,0.0,800.0,50.0
2025-04-09 00:10:00,19.6,95.0,0.0,800.0,50.0
2025-04-09 00:15:00,19.0,95.0,0.0,800.0,50.0
2025-04-09 00:20:00,18.7,95.0,0.0,800.0,50.0
2025-04-09 00:25:00,18.6,95.0,0.0,800.0,50.0
2025-04-09 00:30:00,18.4,95.0,0.0,800.0,50.0
2025-04-09 00:35:00,18.2,95.0,0.0,800.0,50.0
2025-04-09 00:40:00,18.8,95.0,0.0,800.0,50.0
2025-04-09 00:45:00,19.0,94.8,0.0,800.0,50.0
2025-04-09 00:50:00,19.0,94.9,0.0,800.0,50.0
2025-04-09 00:55:00,19.3,95.0,0.0,800.0,50.0
2025-04-09 01:00:00,18.9,95.0,0.0,800.0,50.0
2025-04-09 01:05:00,18.9,95.0,0.0,800.0,50.0
2025-04-09 01:10:00,18.6,95.0,0.0,800.0,50.0
2025-04-09 01:15:00,20.0,95.0,0.0,800.0,50.0
2025-04-09 01:20:00,19.4,95.0,0.0,800.0,50.0
2025-04-09 01:25:00,18.7,95.0,0.0,800.0,50.0
2025-04-09 01:30:00,19.8,94.9,0.0,800.0,50.0
2025-04-09 01:35:00,20.0,95.0,0.0,800.0,50.0
2025-04-09 01:40:00,19.4,95.0,0.0,800.0,50.0
2025-04-09 01:45:00,19.3,95.0,0.0,800.0,50.0
2025-04-09 01:50:00,19.3,92.6,0.0,800.0,50.0
2025-04-09 01:55:00,19.5,95.0,0.0,800.0,50.0
2025-04-09 02:00:00,19.7,91.4,0.0,800.0,50.0
2025-04-09 02:05:00,19.8,93.8,0.0,800.0,50.0
2025-04-09 02:10:00,19.6,91.2,0.0,800.0,50.0
2025-04-09 02:15:00,21.0,91.5,0.0,800.0,50.0
2025-04-09 02:20:00,20.1,92.1,0.0,800.0,50.0
2025-04-09 02:25:00,20.2,93.8,0.0,800.0,50.0
2025-04-09 02:30:00,20.8,91.6,0.0,800.0,50.0
2025-04-09 02:35:00,20.0,94.4,0.0,800.0,50.0
2025-04-09 02:40:00,20.5,94.9,0.0,800.0,50.0
2025-04-09 02:45:00,19.8,91.5,0.0,800.0,50.0
2025-04-09 02:50:00,21.5,90.0,0.0,800.0,50.0
2025-04-09 02:55:00,20.8,91.0,0.0,800.0,50.0
2025-04-09 03:00:00,20.7,89.4,0.0,800.0,50.0
2025-04-09 03:05:00,20.9,88.4,0.0,800.0,50.0
2025-04-09 03:10:00,21.6,90.2,0.0,800.0,50.0
2025-04-09 03:15:00,21.3,90.5,0.0,800.0,50.0
2025-04-09 03:20:00,21.2,86.9,0.0,800.0,50.0
2025-04-09 03:25:00,21.2,88.1,0.0,800.0,50.0
2025-04-09 03:30:00,21.1,86.7,0.0,800.0,50.0
2025-04-09 03:35:00,21.4,91.5,0.0,800.0,50.0
2025-04-09 03:40:00,20.6,86.5,0.0,800.0,50.0
2025-04-09 03:45:00,22.5,86.7,0.0,800.0,50.0
2025-04-09 03:50:00,22.2,86.2,0.0,800.0,50.0
2025-04-09 03:55:00,21.8,81.1,0.0,800.0,50.0
2025-04-09 04:00:00,22.2,83.6,0.0,800.0,50.0
2025-04-09 04:05:00,21.9,83.8,0.0,800.0,50.0
2025-04-09 04:10:00,23.1,89.1,0.0,800.0,50.0
2025-04-09 04:15:00,22.6,83.0,0.0,800.0,50.0
2025-04-09 04:20:00,22.1,84.4,0.0,800.0,50.0
2025-04-09 04:25:00,23.4,82.5,0.0,800.0,50.0
2025-04-09 04:30:00,21.8,84.0,0.0,800.0,50.0
2025-04-09 04:35:00,23.3,79.0,0.0,800.0,50.0
2025-04-09 04:40:00,23.1,82.6,0.0,800.0,50.0
2025-04-09 04:45:00,23.1,79.7,0.0,800.0,50.0
2025-04-09 04:50:00,23.6,80.1,0.0,800.0,50.0
2025-04-09 04:55:00,22.7,76.3,0.0,800.0,50.0
2025-04-09 05:00:00,24.0,81.2,0.0,800.0,50.0
2025-04-09 05:05:00,23.6,78.7,0.0,800.0,50.0
2025-04-09 05:10:00,23.5,77.0,0.0,800.0,50.0
2025-04-09 05:15:00,23.6,74.5,0.0,800.0,50.0
2025-04-09 05:20:00,23.6,77.6,0.0,800.0,50.0
2025-04-09 05:25:00,24.2,77.7,0.0,800.0,50.0
2025-04-09 05:30:00,24.4,80.1,0.0,800.0,50.0
2025-04-09 05:35:00,24.6,77.9,0.0,800.0,50.0
2025-04-09 05:40:00,24.3,74.6,0.0,800.0,50.0
2025-04-09 05:45:00,24.7,79.5,0.0,800.0,50.0
2025-04-09 05:50:00,24.7,79.5,0.0,800.0,50.0
2025-04-09 05:55:00,24.0,72.9,0.0,800.0,50.0
2025-04-09 06:00:00,25.1,75.4,146.1,800.0,50.0
2025-04-09 06:05:00,25.3,74.8,150.5,800.0,50.0
2025-04-09 06:10:00,25.3,77.1,36.6,800.0,50.0
2025-04-09 06:15:00,24.4,74.9,154.2,800.0,50.0
2025-04-09 06:20:00,25.2,78.8,48.9,800.0,50.0
2025-04-09 06:25:00,25.0,76.0,152.3,800.0,50.0
2025-04-09 06:30:00,25.1,73.5,97.8,800.0,50.0
2025-04-09 06:35:00,25.7,76.5,224.1,800.0,50.0
2025-04-09 06:40:00,25.9,78.8,217.9,800.0,50.0
2025-04-09 06:45:00,25.7,75.1,229.6,800.0,50.0
2025-04-09 06:50:00,25.7,75.5,205.6,800.0,50.0
2025-04-09 06:55:00,25.4,78.9,64.4,800.0,50.0
2025-04-09 07:00:00,26.1,85.2,77.0,800.0,50.0
2025-04-09 07:05:00,25.8,86.1,255.9,800.0,50.0
2025-04-09 07:10:00,25.3,86.8,83.2,800.0,50.0
2025-04-09 07:15:00,26.5,91.5,288.5,800.0,50.0
2025-04-09 07:20:00,26.0,85.4,287.5,800.0,50.0
2025-04-09 07:25:00,25.8,87.4,107.0,800.0,50.0
2025-04-09 07:30:00,26.6,88.4,322.5,800.0,50.0
2025-04-09 07:35:00,26.2,87.4,327.5,800.0,50.0
2025-04-09 07:40:00,26.3,88.1,94.0,800.0,50.0
2025-04-09 07:45:00,26.8,84.6,326.9,800.0,50.0
2025-04-09 07:50:00,26.7,84.0,352.7,800.0,50.0
2025-04-09 07:55:00,27.4,79.9,354.5,800.0,50.0
2025-04-09 08:00:00,27.4,82.0,341.1,800.0,50.0
2025-04-09 08:05:00,26.7,81.6,400.6,800.0,50.0
2025-04-09 08:10:00,27.6,79.7,403.5,800.0,50.0
2025-04-09 08:15:00,27.7,82.0,392.8,800.0,50.0
2025-04-09 08:20:00,27.2,78.9,128.6,800.0,50.0
2025-04-09 08:25:00,26.9,79.7,426.0,800.0,50.0
2025-04-09 08:30:00,27.8,75.0,431.9,800.0,50.0
2025-04-09 08:35:00,27.7,78.3,442.4,800.0,50.0
2025-04-09 08:40:00,28.9,75.7,459.1,800.0,50.0
2025-04-09 08:45:00,28.5,75.0,188.2,800.0,50.0
2025-04-09 08:50:00,29.0,74.2,515.1,800.0,50.0
2025-04-09 08:55:00,28.9,71.3,516.6,800.0,50.0
2025-04-09 09:00:00,28.4,64.7,232.5,800.0,50.0
2025-04-09 09:05:00,28.7,64.9,527.1,800.0,50.0
2025-04-09 09:10:00,28.6,59.2,545.1,800.0,50.0
2025-04-09 09:15:00,28.5,59.5,557.3,800.0,50.0
2025-04-09 09:20:00,29.4,57.8,560.0,800.0,50.0
2025-04-09 09:25:00,28.8,58.0,598.2,800.0,50.0
2025-04-09 09:30:00,28.8,60.2,594.3,800.0,50.0
2025-04-09 09:35:00,29.6,59.9,114.5,800.0,50.0
2025-04-09 09:40:00,29.5,56.1,607.3,800.0,50.0
2025-04-09 09:45:00,29.8,55.6,598.3,800.0,50.0
2025-04-09 09:50:00,29.9,56.0,630.7,800.0,50.0
2025-04-09 09:55:00,29.8,55.5,675.6,800.0,50.0
2025-04-09 10:00:00,30.3,63.5,643.6,800.0,50.0
2025-04-09 10:05:00,30.2,59.5,680.3,800.0,50.0
2025-04-09 10:10:00,30.2,60.7,648.3,800.0,50.0
2025-04-09 10:15:00,30.1,63.0,670.3,800.0,50.0
2025-04-09 10:20:00,30.0,61.5,700.0,800.0,50.0
2025-04-09 10:25:00,31.0,63.3,715.1,800.0,50.0
2025-04-09 10:30:00,30.9,59.8,355.3,800.0,50.0
2025-04-09 10:35:00,30.8,61.8,740.7,800.0,50.0
2025-04-09 10:40:00,30.4,60.8,735.2,800.0,50.0
2025-04-09 10:45:00,31.1,60.3,789.2,800.0,50.0
2025-04-09 10:50:00,31.2,60.5,760.6,800.0,50.0
2025-04-09 10:55:00,30.5,58.2,760.6,800.0,50.0
2025-04-09 11:00:00,31.2,60.1,755.3,800.0,50.0
2025-04-09 11:05:00,30.8,60.3,755.6,800.0,50.0
2025-04-09 11:10:00,31.1,57.4,118.7,800.0,50.0
2025-04-09 11:15:00,30.7,55.8,819.9,800.0,50.0
2025-04-09 11:20:00,31.3,59.7,298.8,800.0,50.0
2025-04-09 11:25:00,31.1,59.0,796.8,800.0,50.0
2025-04-09 11:30:00,31.5,62.0,329.9,800.0,50.0
2025-04-09 11:35:00,31.3,58.2,815.8,800.0,50.0
2025-04-09 11:40:00,31.0,61.8,811.2,800.0,50.0
2025-04-09 11:45:00,32.0,57.0,823.2,800.0,50.0
2025-04-09 11:50:00,31.8,63.4,833.0,800.0,50.0
2025-04-09 11:55:00,30.8,60.1,180.8,800.0,50.0
2025-04-09 12:00:00,31.1,58.7,846.8,800.0,50.0
2025-04-09 12:05:00,31.3,58.8,831.2,800.0,50.0
2025-04-09 12:10:00,31.2,57.4,877.0,800.0,50.0
2025-04-09 12:15:00,31.2,58.2,193.7,800.0,50.0
2025-04-09 12:20:00,31.4,62.8,856.2,800.0,50.0
2025-04-09 12:25:00,30.5,60.2,890.5,800.0,50.0
2025-04-09 12:30:00,32.2,60.8,854.5,800.0,50.0
2025-04-09 12:35:00,30.8,61.5,239.6,800.0,50.0
2025-04-09 12:40:00,30.4,64.5,857.8,800.0,50.0
2025-04-09 12:45:00,30.8,62.4,863.7,800.0,50.0
2025-04-09 12:50:00,30.8,64.9,866.1,800.0,50.0
2025-04-09 12:55:00,30.8,59.8,836.7,800.0,50.0
2025-04-09 13:00:00,30.4,61.6,858.1,800.0,50.0
2025-04-09 13:05:00,30.7,63.1,834.1,800.0,50.0
2025-04-09 13:10:00,30.8,63.7,831.5,800.0,50.0
2025-04-09 13:15:00,30.8,62.7,162.9,800.0,50.0
2025-04-09 13:20:00,30.4,62.7,81.7,800.0,50.0
2025-04-09 13:25:00,30.6,66.5,423.3,800.0,50.0
2025-04-09 13:30:00,29.9,66.7,823.9,800.0,50.0
2025-04-09 13:35:00,29.6,63.6,802.7,800.0,50.0
2025-04-09 13:40:00,30.5,67.4,817.7,800.0,50.0
2025-04-09 13:45:00,30.1,66.3,760.0,800.0,50.0
2025-04-09 13:50:00,30.6,64.7,773.6,800.0,50.0
2025-04-09 13:55:00,29.6,65.7,775.8,800.0,50.0
2025-04-09 14:00:00,30.0,64.0,775.8,800.0,50.0
2025-04-09 14:05:00,30.4,67.2,784.6,800.0,50.0
2025-04-09 14:10:00,29.5,63.7,393.2,800.0,50.0
2025-04-09 14:15:00,30.4,66.7,291.1,800.0,50.0
2025-04-09 14:20:00,29.2,70.4,730.4,800.0,50.0
2025-04-09 14:25:00,29.0,66.7,715.7,800.0,50.0
2025-04-09 14:30:00,29.0,70.1,707.8,800.0,50.0
2025-04-09 14:35:00,29.4,68.5,712.7,800.0,50.0
2025-04-09 14:40:00,28.5,70.0,671.6,800.0,50.0
2025-04-09 14:45:00,28.8,67.8,252.9,800.0,50.0
2025-04-09 14:50:00,28.3,69.2,84.0,800.0,50.0
2025-04-09 14:55:00,28.6,70.5,665.3,800.0,50.0
2025-04-09 15:00:00,28.9,70.0,667.8,800.0,50.0
2025-04-09 15:05:00,27.7,69.3,94.9,800.0,50.0
2025-04-09 15:10:00,28.4,74.6,635.4,800.0,50.0
2025-04-09 15:15:00,27.7,70.8,635.0,800.0,50.0
2025-04-09 15:20:00,28.1,72.9,607.8,800.0,50.0
2025-04-09 15:25:00,28.1,71.4,607.1,800.0,50.0
2025-04-09 15:30:00,26.9,71.5,620.5,800.0,50.0
2025-04-09 15:35:00,27.7,68.0,568.1,800.0,50.0
2025-04-09 15:40:00,27.1,71.1,517.4,800.0,50.0
2025-04-09 15:45:00,27.0,71.3,553.2,800.0,50.0
2025-04-09 15:50:00,26.6,72.8,247.7,800.0,50.0
2025-04-09 15:55:00,26.2,76.2,545.2,800.0,50.0
2025-04-09 16:00:00,25.9,80.0,533.5,800.0,50.0
2025-04-09 16:05:00,26.3,83.1,178.3,800.0,50.0
2025-04-09 16:10:00,26.1,84.4,505.3,800.0,50.0
2025-04-09 16:15:00,26.3,82.8,468.2,800.0,50.0
2025-04-09 16:20:00,25.6,82.7,460.2,800.0,50.0
2025-04-09 16:25:00,25.4,83.9,166.8,800.0,50.0
2025-04-09 16:30:00,25.5,83.4,450.6,800.0,50.0
2025-04-09 16:35:00,25.8,86.7,131.1,800.0,50.0
2025-04-09 16:40:00,25.8,87.1,409.2,800.0,50.0
2025-04-09 16:45:00,24.6,82.5,409.0,800.0,50.0
2025-04-09 16:50:00,25.3,86.9,384.5,800.0,50.0
2025-04-09 16:55:00,25.0,86.5,395.0,800.0,50.0
2025-04-09 17:00:00,24.3,85.0,378.5,800.0,50.0
2025-04-09 17:05:00,24.0,86.3,106.9,800.0,50.0
2025-04-09 17:10:00,24.0,94.1,353.2,800.0,50.0
2025-04-09 17:15:00,23.6,91.6,356.8,800.0,50.0
2025-04-09 17:20:00,22.7,88.4,295.1,800.0,50.0
2025-04-09 17:25:00,23.1,90.9,147.8,800.0,50.0
2025-04-09 17:30:00,24.2,89.9,291.9,800.0,50.0
2025-04-09 17:35:00,22.3,87.5,277.0,800.0,50.0
2025-04-09 17:40:00,22.8,89.6,100.5,800.0,50.0
2025-04-09 17:45:00,22.2,91.5,306.3,800.0,50.0
2025-04-09 17:50:00,22.4,94.1,129.8,800.0,50.0
2025-04-09 17:55:00,22.0,92.4,260.9,800.0,50.0
2025-04-09 18:00:00,22.2,84.7,224.3,800.0,50.0
2025-04-09 18:05:00,21.9,83.8,247.2,800.0,50.0
2025-04-09 18:10:00,21.6,83.1,245.5,800.0,50.0
2025-04-09 18:15:00,21.6,87.7,108.2,800.0,50.0
2025-04-09 18:20:00,21.6,85.8,184.8,800.0,50.0
2025-04-09 18:25:00,20.8,85.0,206.7,800.0,50.0
2025-04-09 18:30:00,21.0,89.4,196.1,800.0,50.0
2025-04-09 18:35:00,21.2,93.4,181.3,800.0,50.0
2025-04-09 18:40:00,20.4,88.2,167.9,800.0,50.0
2025-04-09 18:45:00,20.4,90.6,177.2,800.0,50.0
2025-04-09 18:50:00,20.2,91.5,141.0,800.0,50.0
2025-04-09 18:55:00,20.7,89.6,172.1,800.0,50.0
2025-04-09 19:00:00,20.9,90.3,54.6,800.0,50.0
2025-04-09 19:05:00,21.1,91.7,159.1,800.0,50.0
2025-04-09 19:10:00,20.6,90.2,140.2,800.0,50.0
2025-04-09 19:15:00,21.1,92.4,83.9,800.0,50.0
2025-04-09 19:20:00,21.5,91.6,106.9,800.0,50.0
2025-04-09 19:25:00,20.5,90.3,51.6,800.0,50.0
2025-04-09 19:30:00,20.2,90.8,98.9,800.0,50.0
2025-04-09 19:35:00,20.5,93.8,119.3,800.0,50.0
2025-04-09 19:40:00,20.4,92.6,96.9,800.0,50.0
2025-04-09 19:45:00,20.2,95.0,0.0,800.0,50.0
2025-04-09 19:50:00,19.4,95.0,87.5,800.0,50.0
2025-04-09 19:55:00,20.4,93.3,35.8,800.0,50.0
2025-04-09 20:00:00,20.3,94.0,85.7,800.0,50.0
2025-04-09 20:05:00,19.1,90.4,72.6,800.0,50.0
2025-04-09 20:10:00,20.0,95.0,90.9,800.0,50.0
2025-04-09 20:15:00,19.3,95.0,58.8,800.0,50.0
2025-04-09 20:20:00,19.0,94.8,69.8,800.0,50.0
2025-04-09 20:25:00,19.4,95.0,76.0,800.0,50.0
2025-04-09 20:30:00,19.0,92.1,64.1,800.0,50.0
2025-04-09 20:35:00,20.0,95.0,62.5,800.0,50.0
2025-04-09 20:40:00,19.5,95.0,53.0,800.0,50.0
2025-04-09 20:45:00,19.3,92.2,49.9,800.0,50.0
2025-04-09 20:50:00,19.6,95.0,27.8,800.0,50.0
2025-04-09 20:55:00,19.6,95.0,41.3,800.0,50.0
2025-04-09 21:00:00,19.2,94.8,0.0,800.0,50.0
2025-04-09 21:05:00,18.4,95.0,0.0,800.0,50.0
2025-04-09 21:10:00,19.4,95.0,0.0,800.0,50.0
2025-04-09 21:15:00,18.4,93.5,0.0,800.0,50.0
2025-04-09 21:20:00,19.7,95.0,0.0,800.0,50.0
2025-04-09 21:25:00,18.6,95.0,0.0,800.0,50.0
2025-04-09 21:30:00,18.1,95.0,0.0,800.0,50.0
2025-04-09 21:35:00,19.6,95.0,0.0,800.0,50.0
2025-04-09 21:40:00,19.7,95.0,0.0,800.0,50.0
2025-04-09 21:45:00,19.4,95.0,0.0,800.0,50.0
2025-04-09 21:50:00,18.8,95.0,0.0,800.0,50.0
2025-04-09 21:55:00,19.0,95.0,0.0,800.0,50.0
2025-04-09 22:00:00,17.8,95.0,0.0,800.0,50.0
2025-04-09 22:05:00,18.8,95.0,0.0,800.0,50.0
2025-04-09 22:10:00,18.6,95.0,0.0,800.0,50.0
2025-04-09 22:15:00,17.8,95.0,0.0,800.0,50.0
2025-04-09 22:20:00,18.6,95.0,0.0,800.0,50.0
2025-04-09 22:25:00,18.1,95.0,0.0,800.0,50.0
2025-04-09 22:30:00,19.1,95.0,0.0,800.0,50.0
2025-04-09 22:35:00,18.6,95.0,0.0,800.0,50.0
2025-04-09 22:40:00,18.7,95.0,0.0,800.0,50.0
2025-04-09 22:45:00,18.3,95.0,0.0,800.0,50.0
2025-04-09 22:50:00,18.4,95.0,0.0,800.0,50.0
2025-04-09 22:55:00,19.0,95.0,0.0,800.0,50.0
2025-04-09 23:00:00,19.1,95.0,0.0,800.0,50.0
2025-04-09 23:05:00,18.1,95.0,0.0,800.0,50.0
2025-04-09 23:10:00,18.3,95.0,0.0,800.0,50.0
2025-04-09 23:15:00,18.8,95.0,0.0,800.0,50.0
2025-04-09 23:20:00,18.8,95.0,0.0,800.0,50.0
2025-04-09 23:25:00,19.2,95.0,0.0,800.0,50.0
2025-04-09 23:30:00,18.3,95.0,0.0,800.0,50.0
2025-04-09 23:35:00,18.8,95.0,0.0,800.0,50.0
2025-04-09 23:40:00,18.4,95.0,0.0,800.0,50.0
2025-04-09 23:45:00,18.5,95.0,0.0,800.0,50.0
2025-04-09 23:50:00,19.1,95.0,0.0,800.0,50.0
2025-04-09 23:55:00,18.4,95.0,0.0,800.0,50.0
2025-04-10 00:00:00,18.7,95.0,0.0,800.0,50.0
2025-04-10 00:05:00,18.9,95.0,0.0,800.0,50.0
2025-04-10 00:10:00,18.2,95.0,0.0,800.0,50.0
2025-04-10 00:15:00,19.0,95.0,0.0,800.0,50.0
2025-04-10 00:20:00,19.0,95.0,0.0,800.0,50.0
2025-04-10 00:25:00,18.5,95.0,0.0,800.0,50.0
2025-04-10 00:30:00,18.3,95.0,0.0,800.0,50.0
2025-04-10 00:35:00,19.2,95.0,0.0,800.0,50.0
2025-04-10 00:40:00,18.9,95.0,0.0,800.0,50.0
2025-04-10 00:45:00,19.3,95.0,0.0,800.0,50.0
2025-04-10 00:50:00,19.2,95.0,0.0,800.0,50.0
2025-04-10 00:55:00,19.2,95.0,0.0,800.0,50.0
2025-04-10 01:00:00,18.9,95.0,0.0,800.0,50.0
2025-04-10 01:05:00,18.8,93.9,0.0,800.0,50.0
2025-04-10 01:10:00,19.6,95.0,0.0,800.0,50.0
2025-04-10 01:15:00,19.2,94.5,0.0,800.0,50.0
2025-04-10 01:20:00,19.7,93.4,0.0,800.0,50.0
2025-04-10 01:25:00,19.9,95.0,0.0,800.0,50.0
2025-04-10 01:30:00,19.0,95.0,0.0,800.0,50.0
2025-04-10 01:35:00,20.7,95.0,0.0,800.0,50.0
2025-04-10 01:40:00,19.3,95.0,0.0,800.0,50.0
2025-04-10 01:45:00,19.2,92.3,0.0,800.0,50.0
2025-04-10 01:50:00,19.8,95.0,0.0,800.0,50.0
2025-04-10 01:55:00,20.2,95.0,0.0,800.0,50.0
2025-04-10 02:00:00,20.2,90.9,0.0,800.0,50.0
2025-04-10 02:05:00,20.0,95.0,0.0,800.0,50.0
2025-04-10 02:10:00,20.3,93.9,0.0,800.0,50.0
2025-04-10 02:15:00,20.3,93.8,0.0,800.0,50.0
2025-04-10 02:20:00,19.5,95.0,0.0,800.0,50.0
2025-04-10 02:25:00,20.3,93.9,0.0,800.0,50.0
2025-04-10 02:30:00,19.5,95.0,0.0,800.0,50.0
2025-04-10 02:35:00,20.1,95.0,0.0,800.0,50.0
2025-04-10 02:40:00,21.5,88.8,0.0,800.0,50.0
2025-04-10 02:45:00,21.0,89.1,0.0,800.0,50.0
2025-04-10 02:50:00,20.6,89.5,0.0,800.0,50.0
2025-04-10 02:55:00,21.1,91.0,0.0,800.0,50.0
2025-04-10 03:00:00,20.5,90.9,0.0,800.0,50.0
2025-04-10 03:05:00,21.0,86.0,0.0,800.0,50.0
2025-04-10 03:10:00,21.0,92.6,0.0,800.0,50.0
2025-04-10 03:15:00,21.1,85.2,0.0,800.0,50.0
2025-04-10 03:20:00,21.7,86.6,0.0,800.0,50.0
2025-04-10 03:25:00,21.6,87.7,0.0,800.0,50.0
2025-04-10 03:30:00,22.3,87.3,0.0,800.0,50.0
2025-04-10 03:35:00,21.2,86.3,0.0,800.0,50.0
2025-04-10 03:40:00,21.3,86.4,0.0,800.0,50.0
2025-04-10 03:45:00,22.6,88.9,0.0,800.0,50.0
2025-04-10 03:50:00,22.8,87.0,0.0,800.0,50.0
2025-04-10 03:55:00,22.2,83.6,0.0,800.0,50.0
2025-04-10 04:00:00,22.3,84.9,0.0,800.0,50.0
2025-04-10 04:05:00,22.6,82.5,0.0,800.0,50.0
2025-04-10 04:10:00,22.4,81.2,0.0,800.0,50.0
2025-04-10 04:15:00,22.7,85.3,0.0,800.0,50.0
2025-04-10 04:20:00,22.0,80.8,0.0,800.0,50.0
2025-04-10 04:25:00,22.2,82.7,0.0,800.0,50.0
2025-04-10 04:30:00,22.3,85.4,0.0,800.0,50.0
2025-04-10 04:35:00,23.1,83.4,0.0,800.0,50.0
2025-04-10 04:40:00,22.4,84.3,0.0,800.0,50.0
2025-04-10 04:45:00,23.4,79.9,0.0,800.0,50.0
2025-04-10 04:50:00,22.7,80.7,0.0,800.0,50.0
2025-04-10 04:55:00,23.2,79.6,0.0,800.0,50.0
2025-04-10 05:00:00,23.2,81.4,0.0,800.0,50.0
2025-04-10 05:05:00,22.6,82.4,0.0,800.0,50.0
2025-04-10 05:10:00,24.1,79.5,0.0,800.0,50.0
2025-04-10 05:15:00,23.8,80.9,0.0,800.0,50.0
2025-04-10 05:20:00,23.9,77.7,0.0,800.0,50.0
2025-04-10 05:25:00,24.5,82.0,0.0,800.0,50.0
2025-04-10 05:30:00,23.8,78.2,0.0,800.0,50.0
2025-04-10 05:35:00,23.8,78.0,0.0,800.0,50.0
2025-04-10 05:40:00,24.1,79.0,0.0,800.0,50.0
2025-04-10 05:45:00,24.4,76.2,0.0,800.0,50.0
2025-04-10 05:50:00,25.2,74.2,0.0,800.0,50.0
2025-04-10 05:55:00,25.0,74.0,0.0,800.0,50.0
2025-04-10 06:00:00,25.3,78.4,189.1,800.0,50.0
2025-04-10 06:05:00,24.7,78.9,154.4,800.0,50.0
2025-04-10 06:10:00,24.8,74.1,48.1,800.0,50.0
2025-04-10 06:15:00,25.4,77.3,172.7,800.0,50.0
2025-04-10 06:20:00,25.0,76.4,197.3,800.0,50.0
2025-04-10 06:25:00,25.1,78.2,24.0,800.0,50.0
2025-04-10 06:30:00,25.0,72.9,190.7,800.0,50.0
2025-04-10 06:35:00,25.6,78.6,90.4,800.0,50.0
2025-04-10 06:40:00,25.3,73.8,237.7,800.0,50.0
2025-04-10 06:45:00,26.2,75.9,225.3,800.0,50.0
2025-04-10 06:50:00,26.1,80.3,214.9,800.0,50.0
2025-04-10 06:55:00,26.2,76.5,72.9,800.0,50.0
2025-04-10 07:00:00,26.2,85.5,248.5,800.0,50.0
2025-04-10 07:05:00,26.6,86.0,252.0,800.0,50.0
2025-04-10 07:10:00,26.2,83.4,280.3,800.0,50.0
2025-04-10 07:15:00,26.4,85.9,308.2,800.0,50.0
2025-04-10 07:20:00,26.8,86.2,299.8,800.0,50.0
2025-04-10 07:25:00,26.5,81.4,296.3,800.0,50.0
2025-04-10 07:30:00,26.3,87.6,295.6,800.0,50.0
2025-04-10 07:35:00,26.8,86.3,335.1,800.0,50.0
2025-04-10 07:40:00,26.4,84.4,293.7,800.0,50.0
2025-04-10 07:45:00,27.0,84.9,329.2,800.0,50.0
2025-04-10 07:50:00,27.1,83.5,377.4,800.0,50.0
2025-04-10 07:55:00,26.1,82.0,357.5,800.0,50.0
2025-04-10 08:00:00,27.2,87.8,370.5,800.0,50.0
2025-04-10 08:05:00,27.1,81.2,399.1,800.0,50.0
2025-04-10 08:10:00,27.2,80.8,433.8,800.0,50.0
2025-04-10 08:15:00,27.7,81.8,423.7,800.0,50.0
2025-04-10 08:20:00,27.3,74.8,411.6,800.0,50.0
2025-04-10 08:25:00,28.0,79.4,427.9,800.0,50.0
2025-04-10 08:30:00,28.9,77.9,452.8,800.0,50.0
2025-04-10 08:35:00,28.7,75.7,464.8,800.0,50.0
2025-04-10 08:40:00,28.9,72.8,461.5,800.0,50.0
2025-04-10 08:45:00,28.7,76.7,468.5,800.0,50.0
2025-04-10 08:50:00,28.5,74.1,474.3,800.0,50.0
2025-04-10 08:55:00,28.2,76.1,220.3,800.0,50.0
2025-04-10 09:00:00,29.0,61.4,511.3,800.0,50.0
2025-04-10 09:05:00,29.3,62.8,554.7,800.0,50.0
2025-04-10 09:10:00,29.1,56.9,552.0,800.0,50.0
2025-04-10 09:15:00,29.0,59.5,548.6,800.0,50.0
2025-04-10 09:20:00,28.8,60.3,582.4,800.0,50.0
2025-04-10 09:25:00,29.7,59.7,575.4,800.0,50.0
2025-04-10 09:30:00,30.4,54.7,603.2,800.0,50.0
2025-04-10 09:35:00,29.7,54.0,586.0,800.0,50.0
2025-04-10 09:40:00,29.9,57.7,628.3,800.0,50.0
2025-04-10 09:45:00,29.9,57.6,623.4,800.0,50.0
2025-04-10 09:50:00,30.0,55.7,655.0,800.0,50.0
2025-04-10 09:55:00,31.0,54.8,631.6,800.0,50.0
2025-04-10 10:00:00,30.4,61.3,661.6,800.0,50.0
2025-04-10 10:05:00,29.3,61.0,671.0,800.0,50.0
2025-04-10 10:10:00,30.5,60.9,681.7,800.0,50.0
2025-04-10 10:15:00,30.4,54.5,674.2,800.0,50.0
2025-04-10 10:20:00,30.4,57.9,714.5,800.0,50.0
2025-04-10 10:25:00,30.8,60.5,720.6,800.0,50.0
2025-04-10 10:30:00,31.3,61.5,708.8,800.0,50.0
2025-04-10 10:35:00,31.2,57.3,54.3,800.0,50.0
2025-04-10 10:40:00,30.9,58.3,750.7,800.0,50.0
2025-04-10 10:45:00,30.8,61.1,738.1,800.0,50.0
2025-04-10 10:50:00,30.9,55.8,765.1,800.0,50.0
2025-04-10 10:55:00,30.8,59.1,765.4,800.0,50.0
2025-04-10 11:00:00,30.0,61.6,778.5,800.0,50.0
2025-04-10 11:05:00,30.9,63.0,760.9,800.0,50.0
2025-04-10 11:10:00,31.3,59.6,821.3,800.0,50.0
2025-04-10 11:15:00,30.8,59.8,793.4,800.0,50.0
2025-04-10 11:20:00,31.5,58.0,813.4,800.0,50.0
2025-04-10 11:25:00,31.0,58.8,829.3,800.0,50.0
2025-04-10 11:30:00,31.2,59.7,830.6,800.0,50.0
2025-04-10 11:35:00,30.6,57.9,233.3,800.0,50.0
2025-04-10 11:40:00,31.6,60.7,850.7,800.0,50.0
2025-04-10 11:45:00,31.2,63.6,824.8,800.0,50.0
2025-04-10 11:50:00,31.8,57.7,319.5,800.0,50.0
2025-04-10 11:55:00,31.6,62.9,835.7,800.0,50.0
2025-04-10 12:00:00,30.8,58.3,823.3,800.0,50.0
2025-04-10 12:05:00,31.3,62.1,839.5,800.0,50.0
2025-04-10 12:10:00,31.0,65.0,847.1,800.0,50.0
2025-04-10 12:15:00,31.0,58.7,820.6,800.0,50.0
2025-04-10 12:20:00,31.3,60.9,292.5,800.0,50.0
2025-04-10 12:25:00,31.4,63.2,842.4,800.0,50.0
2025-04-10 12:30:00,31.2,57.5,143.0,800.0,50.0
2025-04-10 12:35:00,31.0,62.7,861.3,800.0,50.0
2025-04-10 12:40:00,31.2,62.2,853.7,800.0,50.0
2025-04-10 12:45:00,31.0,61.5,849.1,800.0,50.0
2025-04-10 12:50:00,31.6,64.0,850.1,800.0,50.0
2025-04-10 12:55:00,30.6,64.2,823.5,800.0,50.0
2025-04-10 13:00:00,30.7,61.7,835.6,800.0,50.0
2025-04-10 13:05:00,30.5,61.9,852.4,800.0,50.0
2025-04-10 13:10:00,31.3,60.0,824.1,800.0,50.0
2025-04-10 13:15:00,30.9,63.2,314.8,800.0,50.0
2025-04-10 13:20:00,30.4,63.9,819.9,800.0,50.0
2025-04-10 13:25:00,29.9,62.3,849.1,800.0,50.0
2025-04-10 13:30:00,30.4,62.8,813.5,800.0,50.0
2025-04-10 13:35:00,30.7,67.8,800.6,800.0,50.0
2025-04-10 13:40:00,30.1,61.4,790.8,800.0,50.0
2025-04-10 13:45:00,30.3,62.6,804.6,800.0,50.0
2025-04-10 13:50:00,30.5,65.4,776.5,800.0,50.0
2025-04-10 13:55:00,29.7,65.4,784.5,800.0,50.0
2025-04-10 14:00:00,30.1,64.6,756.0,800.0,50.0
2025-04-10 14:05:00,29.2,66.5,784.6,800.0,50.0
2025-04-10 14:10:00,29.8,66.2,185.7,800.0,50.0
2025-04-10 14:15:00,29.8,64.9,734.0,800.0,50.0
2025-04-10 14:20:00,30.1,66.2,725.2,800.0,50.0
2025-04-10 14:25:00,29.6,67.2,102.7,800.0,50.0
2025-04-10 14:30:00,28.8,68.1,169.9,800.0,50.0
2025-04-10 14:35:00,28.5,69.3,722.3,800.0,50.0
2025-04-10 14:40:00,28.7,64.6,676.1,800.0,50.0
2025-04-10 14:45:00,29.2,72.3,78.1,800.0,50.0
2025-04-10 14:50:00,28.3,69.0,675.6,800.0,50.0
2025-04-10 14:55:00,28.0,70.1,52.4,800.0,50.0
2025-04-10 15:00:00,28.6,68.5,47.2,800.0,50.0
2025-04-10 15:05:00,28.6,71.4,667.6,800.0,50.0
2025-04-10 15:10:00,28.3,70.5,613.9,800.0,50.0
2025-04-10 15:15:00,28.2,70.0,243.6,800.0,50.0
2025-04-10 15:20:00,27.5,72.6,598.4,800.0,50.0
2025-04-10 15:25:00,27.5,71.4,616.4,800.0,50.0
2025-04-10 15:30:00,27.4,70.1,595.6,800.0,50.0
2025-04-10 15:35:00,27.3,73.3,573.2,800.0,50.0
2025-04-10 15:40:00,27.7,74.0,83.5,800.0,50.0
2025-04-10 15:45:00,27.1,76.4,559.5,800.0,50.0
2025-04-10 15:50:00,26.6,76.6,531.6,800.0,50.0
2025-04-10 15:55:00,27.4,75.9,518.3,800.0,50.0
2025-04-10 16:00:00,26.5,84.5,492.5,800.0,50.0
2025-04-10 16:05:00,26.3,82.6,483.1,800.0,50.0
2025-04-10 16:10:00,26.9,85.5,481.9,800.0,50.0
2025-04-10 16:15:00,26.0,83.8,172.5,800.0,50.0
2025-04-10 16:20:00,26.4,85.5,478.1,800.0,50.0
2025-04-10 16:25:00,26.1,86.0,98.6,800.0,50.0
2025-04-10 16:30:00,25.4,87.3,423.2,800.0,50.0
2025-04-10 16:35:00,25.5,86.2,470.7,800.0,50.0
2025-04-10 16:40:00,25.1,84.3,32.9,800.0,50.0
2025-04-10 16:45:00,24.7,86.3,416.7,800.0,50.0
2025-04-10 16:50:00,25.5,87.7,395.7,800.0,50.0
2025-04-10 16:55:00,24.9,86.7,157.7,800.0,50.0
2025-04-10 17:00:00,24.4,87.5,130.1,800.0,50.0
2025-04-10 17:05:00,24.4,88.5,380.8,800.0,50.0
2025-04-10 17:10:00,23.8,90.8,344.9,800.0,50.0
2025-04-10 17:15:00,23.3,91.9,337.5,800.0,50.0
2025-04-10 17:20:00,23.6,89.6,333.9,800.0,50.0
2025-04-10 17:25:00,23.1,90.0,311.9,800.0,50.0
2025-04-10 17:30:00,23.2,88.8,303.6,800.0,50.0
2025-04-10 17:35:00,23.1,88.1,313.3,800.0,50.0
2025-04-10 17:40:00,22.5,92.8,272.5,800.0,50.0
2025-04-10 17:45:00,23.0,94.9,286.8,800.0,50.0
2025-04-10 17:50:00,22.7,94.7,297.0,800.0,50.0
2025-04-10 17:55:00,23.0,92.1,239.3,800.0,50.0
2025-04-10 18:00:00,22.8,84.1,245.2,800.0,50.0
2025-04-10 18:05:00,22.1,88.3,232.1,800.0,50.0
2025-04-10 18:10:00,21.6,86.2,239.7,800.0,50.0
2025-04-10 18:15:00,21.5,84.1,239.7,800.0,50.0
2025-04-10 18:20:00,21.3,84.9,213.6,800.0,50.0
2025-04-10 18:25:00,21.1,86.6,219.0,800.0,50.0
2025-04-10 18:30:00,20.6,90.6,81.6,800.0,50.0
2025-04-10 18:35:00,21.3,88.3,176.7,800.0,50.0
2025-04-10 18:40:00,21.5,89.5,175.9,800.0,50.0
2025-04-10 18:45:00,20.2,94.0,175.2,800.0,50.0
2025-04-10 18:50:00,20.4,92.0,170.3,800.0,50.0
2025-04-10 18:55:00,19.2,89.8,168.2,800.0,50.0
2025-04-10 19:00:00,21.2,88.4,165.9,800.0,50.0
2025-04-10 19:05:00,21.5,92.6,147.9,800.0,50.0
2025-04-10 19:10:00,20.2,89.7,158.4,800.0,50.0
2025-04-10 19:15:00,20.6,89.2,132.2,800.0,50.0
2025-04-10 19:20:00,20.5,88.1,19.4,800.0,50.0
2025-04-10 19:25:00,20.7,93.1,124.1,800.0,50.0
2025-04-10 19:30:00,20.4,92.2,119.7,800.0,50.0
2025-04-10 19:35:00,20.6,95.0,127.5,800.0,50.0
2025-04-10 19:40:00,20.2,95.0,85.7,800.0,50.0
2025-04-10 19:45:00,19.8,93.7,104.6,800.0,50.0
2025-04-10 19:50:00,20.0,92.7,111.2,800.0,50.0
2025-04-10 19:55:00,19.9,95.0,82.0,800.0,50.0
2025-04-10 20:00:00,20.3,93.7,83.0,800.0,50.0
2025-04-10 20:05:00,19.9,91.0,15.6,800.0,50.0
2025-04-10 20:10:00,19.8,95.0,88.0,800.0,50.0
2025-04-10 20:15:00,19.7,95.0,80.5,800.0,50.0
2025-04-10 20:20:00,19.3,92.3,64.3,800.0,50.0
2025-04-10 20:25:00,20.5,95.0,65.3,800.0,50.0
2025-04-10 20:30:00,20.2,94.9,58.2,800.0,50.0
2025-04-10 20:35:00,19.2,95.0,58.3,800.0,50.0
2025-04-10 20:40:00,19.8,92.7,13.2,800.0,50.0
2025-04-10 20:45:00,19.7,93.7,39.0,800.0,50.0
2025-04-10 20:50:00,19.5,95.0,68.0,800.0,50.0
2025-04-10 20:55:00,19.3,95.0,41.0,800.0,50.0
2025-04-10 21:00:00,18.9,95.0,0.0,800.0,50.0
2025-04-10 21:05:00,19.4,95.0,0.0,800.0,50.0
2025-04-10 21:10:00,18.8,95.0,0.0,800.0,50.0
2025-04-10 21:15:00,19.0,94.7,0.0,800.0,50.0
2025-04-10 21:20:00,18.7,95.0,0.0,800.0,50.0
2025-04-10 21:25:00,18.6,95.0,0.0,800.0,50.0
2025-04-10 21:30:00,18.4,95.0,0.0,800.0,50.0
2025-04-10 21:35:00,19.4,95.0,0.0,800.0,50.0
2025-04-10 21:40:00,18.7,95.0,0.0,800.0,50.0
2025-04-10 21:45:00,18.6,94.9,0.0,800.0,50.0
2025-04-10 21:50:00,18.3,95.0,0.0,800.0,50.0
2025-04-10 21:55:00,18.3,95.0,0.0,800.0,50.0
2025-04-10 22:00:00,18.9,95.0,0.0,800.0,50.0
2025-04-10 22:05:00,19.1,95.0,0.0,800.0,50.0
2025-04-10 22:10:00,18.8,95.0,0.0,800.0,50.0
2025-04-10 22:15:00,18.1,95.0,0.0,800.0,50.0
2025-04-10 22:20:00,18.3,95.0,0.0,800.0,50.0
2025-04-10 22:25:00,18.1,95.0,0.0,800.0,50.0
2025-04-10 22:30:00,18.3,95.0,0.0,800.0,50.0
2025-04-10 22:35:00,18.5,95.0,0.0,800.0,50.0
2025-04-10 22:40:00,19.2,95.0,0.0,800.0,50.0
2025-04-10 22:45:00,18.0,95.0,0.0,800.0,50.0
2025-04-10 22:50:00,18.3,95.0,0.0,800.0,50.0
2025-04-10 22:55:00,18.6,95.0,0.0,800.0,50.0
2025-04-10 23:00:00,18.2,95.0,0.0,800.0,50.0
2025-04-10 23:05:00,17.4,95.0,0.0,800.0,50.0
2025-04-10 23:10:00,18.9,95.0,0.0,800.0,50.0
2025-04-10 23:15:00,19.0,95.0,0.0,800.0,50.0
2025-04-10 23:20:00,18.1,95.0,0.0,800.0,50.0
2025-04-10 23:25:00,17.8,95.0,0.0,800.0,50.0
2025-04-10 23:30:00,18.6,95.0,0.0,800.0,50.0
2025-04-10 23:35:00,18.7,95.0,0.0,800.0,50.0
2025-04-10 23:40:00,18.4,95.0,0.0,800.0,50.0
2025-04-10 23:45:00,19.1,95.0,0.0,800.0,50.0
2025-04-10 23:50:00,19.4,95.0,0.0,800.0,50.0
2025-04-10 23:55:00,18.7,95.0,0.0,800.0,50.0
2025-04-11 00:00:00,18.6,95.0,0.0,800.0,50.0
2025-04-11 00:05:00,18.2,95.0,0.0,800.0,50.0
2025-04-11 00:10:00,18.7,95.0,0.0,800.0,50.0
2025-04-11 00:15:00,18.5,95.0,0.0,800.0,50.0
2025-04-11 00:20:00,19.3,95.0,0.0,800.0,50.0
2025-04-11 00:25:00,18.4,95.0,0.0,800.0,50.0
2025-04-11 00:30:00,19.6,95.0,0.0,800.0,50.0
2025-04-11 00:35:00,19.3,95.0,0.0,800.0,50.0
2025-04-11 00:40:00,18.4,95.0,0.0,800.0,50.0
2025-04-11 00:45:00,19.5,95.0,0.0,800.0,50.0
2025-04-11 00:50:00,19.1,95.0,0.0,800.0,50.0
2025-04-11 00:55:00,19.0,95.0,0.0,800.0,50.0
2025-04-11 01:00:00,18.8,95.0,0.0,800.0,50.0
2025-04-11 01:05:00,18.8,95.0,0.0,800.0,50.0
2025-04-11 01:10:00,18.8,94.0,0.0,800.0,50.0
2025-04-11 01:15:00,19.5,95.0,0.0,800.0,50.0
2025-04-11 01:20:00,19.3,95.0,0.0,800.0,50.0
2025-04-11 01:25:00,20.6,95.0,0.0,800.0,50.0
2025-04-11 01:30:00,19.9,94.3,0.0,800.0,50.0
2025-04-11 01:35:00,19.9,95.0,0.0,800.0,50.0
2025-04-11 01:40:00,19.4,95.0,0.0,800.0,50.0
2025-04-11 01:45:00,20.0,95.0,0.0,800.0,50.0
2025-04-11 01:50:00,19.5,92.2,0.0,800.0,50.0
2025-04-11 01:55:00,19.9,93.3,0.0,800.0,50.0
2025-04-11 02:00:00,20.3,95.0,0.0,800.0,50.0
2025-04-11 02:05:00,20.1,95.0,0.0,800.0,50.0
2025-04-11 02:10:00,20.2,91.8,0.0,800.0,50.0
2025-04-11 02:15:00,20.2,93.5,0.0,800.0,50.0
2025-04-11 02:20:00,20.7,93.3,0.0,800.0,50.0
2025-04-11 02:25:00,20.2,94.5,0.0,800.0,50.0
2025-04-11 02:30:00,20.7,95.0,0.0,800.0,50.0
2025-04-11 02:35:00,20.6,89.8,0.0,800.0,50.0
2025-04-11 02:40:00,21.2,90.3,0.0,800.0,50.0
2025-04-11 02:45:00,20.9,91.5,0.0,800.0,50.0
2025-04-11 02:50:00,20.9,90.4,0.0,800.0,50.0
2025-04-11 02:55:00,20.3,88.4,0.0,800.0,50.0
2025-04-11 03:00:00,21.5,90.9,0.0,800.0,50.0
2025-04-11 03:05:00,21.9,87.5,0.0,800.0,50.0
2025-04-11 03:10:00,21.2,91.6,0.0,800.0,50.0
2025-04-11 03:15:00,21.1,87.9,0.0,800.0,50.0
2025-04-11 03:20:00,21.3,87.6,0.0,800.0,50.0
2025-04-11 03:25:00,21.7,84.5,0.0,800.0,50.0
2025-04-11 03:30:00,22.3,85.7,0.0,800.0,50.0
2025-04-11 03:35:00,20.9,87.2,0.0,800.0,50.0
2025-04-11 03:40:00,21.7,86.5,0.0,800.0,50.0
2025-04-11 03:45:00,22.1,87.7,0.0,800.0,50.0
2025-04-11 03:50:00,22.7,84.6,0.0,800.0,50.0
2025-04-11 03:55:00,22.5,87.0,0.0,800.0,50.0
2025-04-11 04:00:00,21.2,83.5,0.0,800.0,50.0
2025-04-11 04:05:00,21.8,85.6,0.0,800.0,50.0
2025-04-11 04:10:00,22.6,85.0,0.0,800.0,50.0
2025-04-11 04:15:00,22.5,83.5,0.0,800.0,50.0
2025-04-11 04:20:00,22.7,82.7,0.0,800.0,50.0
2025-04-11 04:25:00,23.1,80.9,0.0,800.0,50.0
2025-04-11 04:30:00,22.6,82.9,0.0,800.0,50.0
2025-04-11 04:35:00,22.9,80.0,0.0,800.0,50.0
2025-04-11 04:40:00,23.3,80.6,0.0,800.0,50.0
2025-04-11 04:45:00,22.9,81.0,0.0,800.0,50.0
2025-04-11 04:50:00,23.0,80.8,0.0,800.0,50.0
2025-04-11 04:55:00,23.3,79.4,0.0,800.0,50.0
2025-04-11 05:00:00,23.3,82.0,0.0,800.0,50.0
2025-04-11 05:05:00,23.8,76.1,0.0,800.0,50.0
2025-04-11 05:10:00,24.1,80.2,0.0,800.0,50.0
2025-04-11 05:15:00,24.1,80.5,0.0,800.0,50.0
2025-04-11 05:20:00,24.0,79.5,0.0,800.0,50.0
2025-04-11 05:25:00,23.9,79.5,0.0,800.0,50.0
2025-04-11 05:30:00,24.3,74.6,0.0,800.0,50.0
2025-04-11 05:35:00,24.7,76.7,0.0,800.0,50.0
2025-04-11 05:40:00,24.3,75.6,0.0,800.0,50.0
2025-04-11 05:45:00,24.4,76.6,0.0,800.0,50.0
2025-04-11 05:50:00,24.2,72.5,0.0,800.0,50.0
2025-04-11 05:55:00,24.3,76.0,0.0,800.0,50.0
2025-04-11 06:00:00,24.8,77.1,125.2,800.0,50.0
2025-04-11 06:05:00,24.8,73.2,159.5,800.0,50.0
2025-04-11 06:10:00,24.4,76.6,73.5,800.0,50.0
2025-04-11 06:15:00,25.1,77.9,14.3,800.0,50.0
2025-04-11 06:20:00,25.3,79.0,195.7,800.0,50.0
2025-04-11 06:25:00,25.3,76.9,187.1,800.0,50.0
2025-04-11 06:30:00,25.8,75.7,203.6,800.0,50.0
2025-04-11 06:35:00,25.1,79.4,175.8,800.0,50.0
2025-04-11 06:40:00,25.6,77.5,59.6,800.0,50.0
2025-04-11 06:45:00,26.6,76.9,191.0,800.0,50.0
2025-04-11 06:50:00,26.0,80.1,205.6,800.0,50.0
2025-04-11 06:55:00,26.1,77.3,255.4,800.0,50.0
2025-04-11 07:00:00,25.5,89.5,273.1,800.0,50.0
2025-04-11 07:05:00,26.0,86.5,244.3,800.0,50.0
2025-04-11 07:10:00,26.1,87.6,283.8,800.0,50.0
2025-04-11 07:15:00,25.8,88.2,288.4,800.0,50.0
2025-04-11 07:20:00,26.3,89.1,120.9,800.0,50.0
2025-04-11 07:25:00,26.9,85.9,307.0,800.0,50.0
2025-04-11 07:30:00,26.4,81.9,321.1,800.0,50.0
2025-04-11 07:35:00,26.6,85.9,108.4,800.0,50.0
2025-04-11 07:40:00,27.5,87.4,57.4,800.0,50.0
2025-04-11 07:45:00,26.7,86.6,368.2,800.0,50.0
2025-04-11 07:50:00,26.2,84.7,331.6,800.0,50.0
2025-04-11 07:55:00,27.2,83.8,358.3,800.0,50.0
2025-04-11 08:00:00,26.7,86.2,384.2,800.0,50.0
2025-04-11 08:05:00,27.1,80.5,398.7,800.0,50.0
2025-04-11 08:10:00,27.4,81.3,406.7,800.0,50.0
2025-04-11 08:15:00,27.3,83.4,404.8,800.0,50.0
2025-04-11 08:20:00,27.4,82.3,423.9,800.0,50.0
2025-04-11 08:25:00,27.9,80.1,427.0,800.0,50.0
2025-04-11 08:30:00,28.9,76.7,433.8,800.0,50.0
2025-04-11 08:35:00,28.0,76.6,442.4,800.0,50.0
2025-04-11 08:40:00,27.9,76.8,473.6,800.0,50.0
2025-04-11 08:45:00,28.4,73.5,486.5,800.0,50.0
2025-04-11 08:50:00,28.5,74.6,67.9,800.0,50.0
2025-04-11 08:55:00,28.1,71.3,502.7,800.0,50.0
2025-04-11 09:00:00,28.2,64.2,51.3,800.0,50.0
2025-04-11 09:05:00,28.8,64.7,506.7,800.0,50.0
2025-04-11 09:10:00,28.8,58.5,546.2,800.0,50.0
2025-04-11 09:15:00,29.4,55.9,564.3,800.0,50.0
2025-04-11 09:20:00,29.2,59.3,549.9,800.0,50.0
2025-04-11 09:25:00,29.4,59.5,571.8,800.0,50.0
2025-04-11 09:30:00,29.2,57.2,601.5,800.0,50.0
2025-04-11 09:35:00,30.3,51.2,607.2,800.0,50.0
2025-04-11 09:40:00,29.1,57.7,605.8,800.0,50.0
2025-04-11 09:45:00,30.0,57.4,606.7,800.0,50.0
2025-04-11 09:50:00,29.8,55.4,638.6,800.0,50.0
2025-04-11 09:55:00,30.4,51.8,637.1,800.0,50.0
2025-04-11 10:00:00,30.2,60.7,645.7,800.0,50.0
2025-04-11 10:05:00,31.0,64.6,153.5,800.0,50.0
2025-04-11 10:10:00,30.3,57.7,649.2,800.0,50.0
2025-04-11 10:15:00,30.3,60.6,678.9,800.0,50.0
2025-04-11 10:20:00,30.6,60.4,137.3,800.0,50.0
2025-04-11 10:25:00,30.5,60.9,715.2,800.0,50.0
2025-04-11 10:30:00,30.6,59.7,738.8,800.0,50.0
2025-04-11 10:35:00,31.0,60.5,754.4,800.0,50.0
2025-04-11 10:40:00,30.1,61.8,760.6,800.0,50.0
2025-04-11 10:45:00,30.9,59.9,754.3,800.0,50.0
2025-04-11 10:50:00,31.0,59.5,757.2,800.0,50.0
2025-04-11 10:55:00,30.8,58.2,771.4,800.0,50.0
2025-04-11 11:00:00,30.6,62.4,784.8,800.0,50.0
2025-04-11 11:05:00,31.6,58.0,807.0,800.0,50.0
2025-04-11 11:10:00,30.4,58.7,778.8,800.0,50.0
2025-04-11 11:15:00,31.5,56.3,774.6,800.0,50.0
2025-04-11 11:20:00,30.5,59.7,842.0,800.0,50.0
2025-04-11 11:25:00,31.1,59.7,798.3,800.0,50.0
2025-04-11 11:30:00,30.5,62.2,812.3,800.0,50.0
2025-04-11 11:35:00,31.4,61.4,318.7,800.0,50.0
2025-04-11 11:40:00,31.8,62.3,843.2,800.0,50.0
2025-04-11 11:45:00,30.8,59.6,64.9,800.0,50.0
2025-04-11 11:50:00,31.2,61.4,838.6,800.0,50.0
2025-04-11 11:55:00,30.8,61.8,829.1,800.0,50.0
2025-04-11 12:00:00,31.4,58.2,830.1,800.0,50.0
2025-04-11 12:05:00,31.1,60.8,823.4,800.0,50.0
2025-04-11 12:10:00,31.4,59.1,865.2,800.0,50.0
2025-04-11 12:15:00,30.7,63.8,350.5,800.0,50.0
2025-04-11 12:20:00,31.6,62.0,855.5,800.0,50.0
2025-04-11 12:25:00,30.4,62.5,841.5,800.0,50.0
2025-04-11 12:30:00,31.1,59.2,867.7,800.0,50.0
2025-04-11 12:35:00,30.5,62.0,359.2,800.0,50.0
2025-04-11 12:40:00,30.5,60.1,847.1,800.0,50.0
2025-04-11 12:45:00,30.8,59.2,835.0,800.0,50.0
2025-04-11 12:50:00,31.1,65.9,856.7,800.0,50.0
2025-04-11 12:55:00,30.2,54.6,848.3,800.0,50.0
2025-04-11 13:00:00,31.1,61.2,847.4,800.0,50.0
2025-04-11 13:05:00,30.9,64.6,843.8,800.0,50.0
2025-04-11 13:10:00,31.2,59.8,273.6,800.0,50.0
2025-04-11 13:15:00,30.4,58.4,842.4,800.0,50.0
2025-04-11 13:20:00,31.0,64.3,847.7,800.0,50.0
2025-04-11 13:25:00,30.7,64.2,820.6,800.0,50.0
2025-04-11 13:30:00,30.4,61.8,813.7,800.0,50.0
2025-04-11 13:35:00,30.9,61.3,819.5,800.0,50.0
2025-04-11 13:40:00,30.4,66.6,803.7,800.0,50.0
2025-04-11 13:45:00,30.5,62.9,789.5,800.0,50.0
2025-04-11 13:50:00,30.3,67.5,783.8,800.0,50.0
2025-04-11 13:55:00,29.9,65.6,779.8,800.0,50.0
2025-04-11 14:00:00,29.5,68.1,766.8,800.0,50.0
2025-04-11 14:05:00,30.2,65.3,759.2,800.0,50.0
2025-04-11 14:10:00,29.1,65.3,292.0,800.0,50.0
2025-04-11 14:15:00,29.3,65.9,744.8,800.0,50.0
2025-04-11 14:20:00,30.1,68.7,726.1,800.0,50.0
2025-04-11 14:25:00,28.9,65.3,751.7,800.0,50.0
2025-04-11 14:30:00,28.7,66.3,305.9,800.0,50.0
2025-04-11 14:35:00,29.3,68.3,709.8,800.0,50.0
2025-04-11 14:40:00,28.8,68.2,710.7,800.0,50.0
2025-04-11 14:45:00,29.1,67.7,73.1,800.0,50.0
2025-04-11 14:50:00,29.4,69.7,688.6,800.0,50.0
2025-04-11 14:55:00,28.2,69.9,669.3,800.0,50.0
2025-04-11 15:00:00,28.3,71.6,659.5,800.0,50.0
2025-04-11 15:05:00,27.8,69.7,668.2,800.0,50.0
2025-04-11 15:10:00,28.2,71.3,619.2,800.0,50.0
2025-04-11 15:15:00,28.7,71.2,59.1,800.0,50.0
2025-04-11 15:20:00,27.4,72.4,219.2,800.0,50.0
2025-04-11 15:25:00,27.6,72.5,583.9,800.0,50.0
2025-04-11 15:30:00,27.2,74.1,86.8,800.0,50.0
2025-04-11 15:35:00,27.4,71.3,185.0,800.0,50.0
2025-04-11 15:40:00,27.7,75.9,547.7,800.0,50.0
2025-04-11 15:45:00,27.1,75.5,533.4,800.0,50.0
2025-04-11 15:50:00,27.7,74.7,543.4,800.0,50.0
2025-04-11 15:55:00,27.2,73.0,539.8,800.0,50.0
2025-04-11 16:00:00,26.5,84.5,512.7,800.0,50.0
2025-04-11 16:05:00,26.5,81.2,506.7,800.0,50.0
2025-04-11 16:10:00,26.2,83.8,161.9,800.0,50.0
2025-04-11 16:15:00,26.1,79.6,213.9,800.0,50.0
2025-04-11 16:20:00,26.0,85.1,456.0,800.0,50.0
2025-04-11 16:25:00,25.4,86.3,443.6,800.0,50.0
2025-04-11 16:30:00,25.8,86.1,423.4,800.0,50.0
2025-04-11 16:35:00,24.6,84.7,457.4,800.0,50.0
2025-04-11 16:40:00,24.5,87.1,383.3,800.0,50.0
2025-04-11 16:45:00,24.8,86.3,426.2,800.0,50.0
2025-04-11 16:50:00,24.7,88.2,87.8,800.0,50.0
2025-04-11 16:55:00,24.6,86.3,65.7,800.0,50.0
2025-04-11 17:00:00,25.0,89.5,355.9,800.0,50.0
2025-04-11 17:05:00,24.0,89.8,357.1,800.0,50.0
2025-04-11 17:10:00,24.1,92.3,70.5,800.0,50.0
2025-04-11 17:15:00,24.0,90.7,324.9,800.0,50.0
2025-04-11 17:20:00,24.3,88.7,344.3,800.0,50.0
2025-04-11 17:25:00,23.9,87.8,312.2,800.0,50.0
2025-04-11 17:30:00,23.6,91.1,297.9,800.0,50.0
2025-04-11 17:35:00,22.8,87.4,290.3,800.0,50.0
2025-04-11 17:40:00,23.6,91.9,310.5,800.0,50.0
2025-04-11 17:45:00,23.2,90.5,305.8,800.0,50.0
2025-04-11 17:50:00,22.8,93.6,268.8,800.0,50.0
2025-04-11 17:55:00,22.1,92.5,250.5,800.0,50.0
2025-04-11 18:00:00,22.7,83.6,259.7,800.0,50.0
2025-04-11 18:05:00,21.7,84.4,260.0,800.0,50.0
2025-04-11 18:10:00,22.2,86.1,237.1,800.0,50.0
2025-04-11 18:15:00,21.3,90.2,198.0,800.0,50.0
2025-04-11 18:20:00,22.1,87.0,196.2,800.0,50.0
2025-04-11 18:25:00,21.5,87.2,186.7,800.0,50.0
2025-04-11 18:30:00,21.5,89.5,95.7,800.0,50.0
2025-04-11 18:35:00,20.8,84.1,23.9,800.0,50.0
2025-04-11 18:40:00,21.1,92.4,28.0,800.0,50.0
2025-04-11 18:45:00,20.6,88.3,174.4,800.0,50.0
2025-04-11 18:50:00,20.6,90.4,172.2,800.0,50.0
2025-04-11 18:55:00,20.5,86.1,167.9,800.0,50.0
2025-04-11 19:00:00,21.5,87.1,7.4,800.0,50.0
2025-04-11 19:05:00,20.9,91.9,147.3,800.0,50.0
2025-04-11 19:10:00,21.2,94.3,133.4,800.0,50.0
2025-04-11 19:15:00,20.7,89.7,140.5,800.0,50.0
2025-04-11 19:20:00,21.1,92.4,122.0,800.0,50.0
2025-04-11 19:25:00,20.7,90.0,113.9,800.0,50.0
2025-04-11 19:30:00,21.2,89.6,147.3,800.0,50.0
2025-04-11 19:35:00,20.7,92.2,115.2,800.0,50.0
2025-04-11 19:40:00,20.6,95.0,0.0,800.0,50.0
2025-04-11 19:45:00,19.9,93.0,123.5,800.0,50.0
2025-04-11 19:50:00,20.3,90.3,63.1,800.0,50.0
2025-04-11 19:55:00,19.8,92.1,81.8,800.0,50.0
2025-04-11 20:00:00,20.0,95.0,84.4,800.0,50.0
2025-04-11 20:05:00,20.5,93.1,109.3,800.0,50.0
2025-04-11 20:10:00,19.9,94.1,25.0,800.0,50.0
2025-04-11 20:15:00,20.1,94.6,42.9,800.0,50.0
2025-04-11 20:20:00,20.0,92.1,71.3,800.0,50.0
2025-04-11 20:25:00,19.6,95.0,73.6,800.0,50.0
2025-04-11 20:30:00,19.6,93.6,8.7,800.0,50.0
2025-04-11 20:35:00,19.4,94.0,51.9,800.0,50.0
2025-04-11 20:40:00,18.8,95.0,53.2,800.0,50.0
2025-04-11 20:45:00,19.7,95.0,40.5,800.0,50.0
2025-04-11 20:50:00,18.8,95.0,16.5,800.0,50.0
2025-04-11 20:55:00,19.2,94.0,48.6,800.0,50.0
2025-04-11 21:00:00,19.3,95.0,0.0,800.0,50.0
2025-04-11 21:05:00,18.7,95.0,0.0,800.0,50.0
2025-04-11 21:10:00,19.3,95.0,0.0,800.0,50.0
2025-04-11 21:15:00,18.5,95.0,0.0,800.0,50.0
2025-04-11 21:20:00,19.1,95.0,0.0,800.0,50.0
2025-04-11 21:25:00,18.0,95.0,0.0,800.0,50.0
2025-04-11 21:30:00,19.5,95.0,0.0,800.0,50.0
2025-04-11 21:35:00,18.5,95.0,0.0,800.0,50.0
2025-04-11 21:40:00,19.6,95.0,0.0,800.0,50.0
2025-04-11 21:45:00,19.1,95.0,0.0,800.0,50.0
2025-04-11 21:50:00,18.5,95.0,0.0,800.0,50.0
2025-04-11 21:55:00,18.7,95.0,0.0,800.0,50.0
2025-04-11 22:00:00,19.3,95.0,0.0,800.0,50.0
2025-04-11 22:05:00,18.1,95.0,0.0,800.0,50.0
2025-04-11 22:10:00,19.0,95.0,0.0,800.0,50.0
2025-04-11 22:15:00,18.4,95.0,0.0,800.0,50.0
2025-04-11 22:20:00,18.1,95.0,0.0,800.0,50.0
2025-04-11 22:25:00,18.7,95.0,0.0,800.0,50.0
2025-04-11 22:30:00,18.3,95.0,0.0,800.0,50.0
2025-04-11 22:35:00,19.0,95.0,0.0,800.0,50.0
2025-04-11 22:40:00,18.4,95.0,0.0,800.0,50.0
2025-04-11 22:45:00,18.7,95.0,0.0,800.0,50.0
2025-04-11 22:50:00,19.1,95.0,0.0,800.0,50.0
2025-04-11 22:55:00,18.7,95.0,0.0,800.0,50.0
2025-04-11 23:00:00,18.7,95.0,0.0,800.0,50.0
2025-04-11 23:05:00,18.6,95.0,0.0,800.0,50.0
2025-04-11 23:10:00,19.2,95.0,0.0,800.0,50.0
2025-04-11 23:15:00,18.6,95.0,0.0,800.0,50.0
2025-04-11 23:20:00,18.4,95.0,0.0,800.0,50.0
2025-04-11 23:25:00,18.8,95.0,0.0,800.0,50.0
2025-04-11 23:30:00,17.8,95.0,0.0,800.0,50.0
2025-04-11 23:35:00,19.0,94.3,0.0,800.0,50.0
2025-04-11 23:40:00,19.1,95.0,0.0,800.0,50.0
2025-04-11 23:45:00,19.2,95.0,0.0,800.0,50.0
2025-04-11 23:50:00,17.8,95.0,0.0,800.0,50.0
2025-04-11 23:55:00,19.2,95.0,0.0,800.0,50.0
2025-04-12 00:00:00,18.5,95.0,0.0,800.0,50.0
2025-04-12 00:05:00,18.6,95.0,0.0,800.0,50.0
2025-04-12 00:10:00,19.2,95.0,0.0,800.0,50.0
2025-04-12 00:15:00,18.5,95.0,0.0,800.0,50.0
2025-04-12 00:20:00,18.3,95.0,0.0,800.0,50.0
2025-04-12 00:25:00,19.4,95.0,0.0,800.0,50.0
2025-04-12 00:30:00,18.4,95.0,0.0,800.0,50.0
2025-04-12 00:35:00,19.7,95.0,0.0,800.0,50.0
2025-04-12 00:40:00,18.9,95.0,0.0,800.0,50.0
2025-04-12 00:45:00,19.8,95.0,0.0,800.0,50.0
2025-04-12 00:50:00,18.6,95.0,0.0,800.0,50.0
2025-04-12 00:55:00,19.5,95.0,0.0,800.0,50.0
2025-04-12 01:00:00,19.0,95.0,0.0,800.0,50.0
2025-04-12 01:05:00,19.5,95.0,0.0,800.0,50.0
2025-04-12 01:10:00,19.4,94.2,0.0,800.0,50.0
2025-04-12 01:15:00,19.7,95.0,0.0,800.0,50.0
2025-04-12 01:20:00,19.3,95.0,0.0,800.0,50.0
2025-04-12 01:25:00,19.6,95.0,0.0,800.0,50.0
2025-04-12 01:30:00,19.9,95.0,0.0,800.0,50.0
2025-04-12 01:35:00,20.0,95.0,0.0,800.0,50.0
2025-04-12 01:40:00,19.6,95.0,0.0,800.0,50.0
2025-04-12 01:45:00,19.8,95.0,0.0,800.0,50.0
2025-04-12 01:50:00,19.8,94.0,0.0,800.0,50.0
2025-04-12 01:55:00,20.8,95.0,0.0,800.0,50.0
2025-04-12 02:00:00,19.8,95.0,0.0,800.0,50.0
2025-04-12 02:05:00,20.2,94.6,0.0,800.0,50.0
2025-04-12 02:10:00,20.3,95.0,0.0,800.0,50.0
2025-04-12 02:15:00,20.4,93.1,0.0,800.0,50.0
2025-04-12 02:20:00,20.8,93.3,0.0,800.0,50.0
2025-04-12 02:25:00,20.5,93.1,0.0,800.0,50.0
2025-04-12 02:30:00,20.5,92.2,0.0,800.0,50.0
2025-04-12 02:35:00,20.4,90.3,0.0,800.0,50.0
2025-04-12 02:40:00,20.3,88.7,0.0,800.0,50.0
2025-04-12 02:45:00,20.5,90.8,0.0,800.0,50.0
2025-04-12 02:50:00,21.0,90.2,0.0,800.0,50.0
2025-04-12 02:55:00,20.1,93.5,0.0,800.0,50.0
2025-04-12 03:00:00,21.5,90.9,0.0,800.0,50.0
2025-04-12 03:05:00,22.0,87.7,0.0,800.0,50.0
2025-04-12 03:10:00,22.0,87.3,0.0,800.0,50.0
2025-04-12 03:15:00,21.5,86.3,0.0,800.0,50.0
2025-04-12 03:20:00,21.5,89.2,0.0,800.0,50.0
2025-04-12 03:25:00,21.5,89.5,0.0,800.0,50.0
2025-04-12 03:30:00,21.7,86.6,0.0,800.0,50.0
2025-04-12 03:35:00,21.6,88.9,0.0,800.0,50.0
2025-04-12 03:40:00,21.6,88.7,0.0,800.0,50.0
2025-04-12 03:45:00,22.5,83.1,0.0,800.0,50.0
2025-04-12 03:50:00,22.5,90.1,0.0,800.0,50.0
2025-04-12 03:55:00,22.3,86.8,0.0,800.0,50.0
2025-04-12 04:00:00,22.7,84.6,0.0,800.0,50.0
2025-04-12 04:05:00,22.5,82.1,0.0,800.0,50.0
2025-04-12 04:10:00,22.6,85.3,0.0,800.0,50.0
2025-04-12 04:15:00,22.8,86.0,0.0,800.0,50.0
2025-04-12 04:20:00,22.4,82.4,0.0,800.0,50.0
2025-04-12 04:25:00,23.6,82.7,0.0,800.0,50.0
2025-04-12 04:30:00,23.0,82.5,0.0,800.0,50.0
2025-04-12 04:35:00,22.7,85.4,0.0,800.0,50.0
2025-04-12 04:40:00,23.0,79.5,0.0,800.0,50.0
2025-04-12 04:45:00,23.1,77.3,0.0,800.0,50.0
2025-04-12 04:50:00,23.1,78.9,0.0,800.0,50.0
2025-04-12 04:55:00,23.7,79.1,0.0,800.0,50.0
2025-04-12 05:00:00,24.0,82.8,0.0,800.0,50.0
2025-04-12 05:05:00,24.0,79.1,0.0,800.0,50.0
2025-04-12 05:10:00,23.9,76.1,0.0,800.0,50.0
2025-04-12 05:15:00,23.9,77.0,0.0,800.0,50.0
2025-04-12 05:20:00,24.3,83.4,0.0,800.0,50.0
2025-04-12 05:25:00,24.3,73.8,0.0,800.0,50.0
2025-04-12 05:30:00,24.1,77.6,0.0,800.0,50.0
2025-04-12 05:35:00,24.4,75.5,0.0,800.0,50.0
2025-04-12 05:40:00,24.6,74.0,0.0,800.0,50.0
2025-04-12 05:45:00,24.2,77.4,0.0,800.0,50.0
2025-04-12 05:50:00,24.3,76.7,0.0,800.0,50.0
2025-04-12 05:55:00,24.2,78.8,0.0,800.0,50.0
2025-04-12 06:00:00,24.6,74.4,61.4,800.0,50.0
2025-04-12 06:05:00,25.2,77.0,170.2,800.0,50.0
2025-04-12 06:10:00,24.6,73.9,30.2,800.0,50.0
2025-04-12 06:15:00,24.8,77.8,73.5,800.0,50.0
2025-04-12 06:20:00,25.3,74.8,63.2,800.0,50.0
2025-04-12 06:25:00,26.2,72.1,170.2,800.0,50.0
2025-04-12 06:30:00,25.8,74.6,170.2,800.0,50.0
2025-04-12 06:35:00,25.3,74.7,28.5,800.0,50.0
2025-04-12 06:40:00,25.7,74.0,205.6,800.0,50.0
2025-04-12 06:45:00,26.2,77.1,209.2,800.0,50.0
2025-04-12 06:50:00,25.0,77.1,67.1,800.0,50.0
2025-04-12 06:55:00,26.2,77.0,257.8,800.0,50.0
2025-04-12 07:00:00,26.5,87.7,95.0,800.0,50.0
2025-04-12 07:05:00,26.4,86.8,249.1,800.0,50.0
2025-04-12 07:10:00,26.7,87.7,270.9,800.0,50.0
2025-04-12 07:15:00,26.4,87.1,278.6,800.0,50.0
2025-04-12 07:20:00,26.3,83.5,281.1,800.0,50.0
2025-04-12 07:25:00,26.3,86.0,287.3,800.0,50.0
2025-04-12 07:30:00,27.1,87.7,291.5,800.0,50.0
2025-04-12 07:35:00,26.5,84.4,356.4,800.0,50.0
2025-04-12 07:40:00,26.0,83.6,317.3,800.0,50.0
2025-04-12 07:45:00,26.6,84.0,48.4,800.0,50.0
2025-04-12 07:50:00,26.7,86.3,358.7,800.0,50.0
2025-04-12 07:55:00,27.7,83.1,363.5,800.0,50.0
2025-04-12 08:00:00,27.3,80.4,378.2,800.0,50.0
2025-04-12 08:05:00,26.5,80.7,409.5,800.0,50.0
2025-04-12 08:10:00,26.9,82.6,370.9,800.0,50.0
2025-04-12 08:15:00,27.3,81.0,106.5,800.0,50.0
2025-04-12 08:20:00,27.4,82.4,131.2,800.0,50.0
2025-04-12 08:25:00,27.3,79.8,447.0,800.0,50.0
2025-04-12 08:30:00,28.3,78.3,413.3,800.0,50.0
2025-04-12 08:35:00,28.2,74.6,451.9,800.0,50.0
2025-04-12 08:40:00,27.9,76.4,138.7,800.0,50.0
2025-04-12 08:45:00,28.8,73.2,497.9,800.0,50.0
2025-04-12 08:50:00,29.4,73.2,130.6,800.0,50.0
2025-04-12 08:55:00,28.2,73.8,473.7,800.0,50.0
2025-04-12 09:00:00,29.5,61.6,502.1,800.0,50.0
2025-04-12 09:05:00,28.4,63.9,111.2,800.0,50.0
2025-04-12 09:10:00,29.4,64.6,519.2,800.0,50.0
2025-04-12 09:15:00,29.3,60.1,510.2,800.0,50.0
2025-04-12 09:20:00,29.6,58.3,558.7,800.0,50.0
2025-04-12 09:25:00,29.8,56.9,555.5,800.0,50.0
2025-04-12 09:30:00,29.0,55.5,592.8,800.0,50.0
2025-04-12 09:35:00,29.6,56.6,621.1,800.0,50.0
2025-04-12 09:40:00,29.5,60.5,631.9,800.0,50.0
2025-04-12 09:45:00,30.2,54.4,648.7,800.0,50.0
2025-04-12 09:50:00,30.4,51.6,206.0,800.0,50.0
2025-04-12 09:55:00,29.8,54.6,628.0,800.0,50.0
2025-04-12 10:00:00,30.0,56.2,677.7,800.0,50.0
2025-04-12 10:05:00,29.8,60.4,671.7,800.0,50.0
2025-04-12 10:10:00,30.3,59.7,105.2,800.0,50.0
2025-04-12 10:15:00,30.8,61.1,698.8,800.0,50.0
2025-04-12 10:20:00,30.8,59.4,706.1,800.0,50.0
2025-04-12 10:25:00,30.8,62.6,702.0,800.0,50.0
2025-04-12 10:30:00,30.4,59.5,724.7,800.0,50.0
2025-04-12 10:35:00,30.0,61.0,730.0,800.0,50.0
2025-04-12 10:40:00,31.0,60.9,761.8,800.0,50.0
2025-04-12 10:45:00,30.6,60.4,754.5,800.0,50.0
2025-04-12 10:50:00,30.8,61.8,752.6,800.0,50.0
2025-04-12 10:55:00,31.2,60.9,787.6,800.0,50.0
2025-04-12 11:00:00,30.9,57.6,794.9,800.0,50.0
2025-04-12 11:05:00,30.8,61.9,810.3,800.0,50.0
2025-04-12 11:10:00,30.9,61.2,795.2,800.0,50.0
2025-04-12 11:15:00,30.7,58.5,779.6,800.0,50.0
2025-04-12 11:20:00,30.9,63.7,792.2,800.0,50.0
2025-04-12 11:25:00,31.3,64.0,815.3,800.0,50.0
2025-04-12 11:30:00,31.7,59.8,194.7,800.0,50.0
2025-04-12 11:35:00,31.1,61.5,201.1,800.0,50.0
2025-04-12 11:40:00,30.9,61.8,847.3,800.0,50.0
2025-04-12 11:45:00,31.4,62.3,805.0,800.0,50.0
2025-04-12 11:50:00,30.6,65.3,821.6,800.0,50.0
2025-04-12 11:55:00,30.9,57.6,363.7,800.0,50.0
2025-04-12 12:00:00,31.7,61.0,847.1,800.0,50.0
2025-04-12 12:05:00,30.6,57.5,821.5,800.0,50.0
2025-04-12 12:10:00,30.6,60.4,853.5,800.0,50.0
2025-04-12 12:15:00,31.4,60.5,819.3,800.0,50.0
2025-04-12 12:20:00,31.5,59.1,865.8,800.0,50.0
2025-04-12 12:25:00,31.3,60.8,838.6,800.0,50.0
2025-04-12 12:30:00,31.0,62.7,831.4,800.0,50.0
2025-04-12 12:35:00,31.0,61.1,852.6,800.0,50.0
2025-04-12 12:40:00,31.0,60.8,817.3,800.0,50.0
2025-04-12 12:45:00,31.6,59.1,842.1,800.0,50.0
2025-04-12 12:50:00,31.0,63.8,835.7,800.0,50.0
2025-04-12 12:55:00,31.4,63.5,843.7,800.0,50.0
2025-04-12 13:00:00,31.2,61.3,829.9,800.0,50.0
2025-04-12 13:05:00,30.6,64.5,836.1,800.0,50.0
2025-04-12 13:10:00,29.9,60.9,832.8,800.0,50.0
2025-04-12 13:15:00,30.2,62.6,208.6,800.0,50.0
2025-04-12 13:20:00,30.2,65.1,840.8,800.0,50.0
2025-04-12 13:25:00,30.7,62.2,815.5,800.0,50.0
2025-04-12 13:30:00,30.3,64.7,787.6,800.0,50.0
2025-04-12 13:35:00,30.4,65.1,826.7,800.0,50.0
2025-04-12 13:40:00,30.3,59.5,386.4,800.0,50.0
2025-04-12 13:45:00,30.8,65.9,807.0,800.0,50.0
2025-04-12 13:50:00,30.8,67.1,823.2,800.0,50.0
2025-04-12 13:55:00,29.9,69.6,795.2,800.0,50.0
2025-04-12 14:00:00,30.3,68.6,767.5,800.0,50.0
2025-04-12 14:05:00,30.6,70.3,787.8,800.0,50.0
2025-04-12 14:10:00,29.3,63.2,768.2,800.0,50.0
2025-04-12 14:15:00,29.1,66.2,779.3,800.0,50.0
2025-04-12 14:20:00,28.9,66.2,738.7,800.0,50.0
2025-04-12 14:25:00,29.5,63.4,745.8,800.0,50.0
2025-04-12 14:30:00,28.6,66.9,724.9,800.0,50.0
2025-04-12 14:35:00,29.3,71.1,235.4,800.0,50.0
2025-04-12 14:40:00,29.0,71.4,290.8,800.0,50.0
2025-04-12 14:45:00,28.5,66.9,319.6,800.0,50.0
2025-04-12 14:50:00,29.2,71.0,665.8,800.0,50.0
2025-04-12 14:55:00,28.6,66.5,675.3,800.0,50.0
2025-04-12 15:00:00,28.4,72.7,269.9,800.0,50.0
2025-04-12 15:05:00,28.3,70.9,625.9,800.0,50.0
2025-04-12 15:10:00,28.0,70.3,623.7,800.0,50.0
2025-04-12 15:15:00,28.4,70.1,631.9,800.0,50.0
2025-04-12 15:20:00,27.4,69.3,622.8,800.0,50.0
2025-04-12 15:25:00,28.1,71.2,605.9,800.0,50.0
2025-04-12 15:30:00,27.5,71.9,578.1,800.0,50.0
2025-04-12 15:35:00,27.6,75.1,590.1,800.0,50.0
2025-04-12 15:40:00,27.2,72.4,554.1,800.0,50.0
2025-04-12 15:45:00,26.9,69.9,564.2,800.0,50.0
2025-04-12 15:50:00,26.9,71.3,157.3,800.0,50.0
2025-04-12 15:55:00,27.4,74.8,515.9,800.0,50.0
2025-04-12 16:00:00,26.8,80.2,525.9,800.0,50.0
2025-04-12 16:05:00,26.7,86.1,474.0,800.0,50.0
2025-04-12 16:10:00,25.9,81.9,483.8,800.0,50.0
2025-04-12 16:15:00,26.2,85.8,495.0,800.0,50.0
2025-04-12 16:20:00,26.3,81.8,467.8,800.0,50.0
2025-04-12 16:25:00,26.0,84.9,462.3,800.0,50.0
2025-04-12 16:30:00,25.5,83.4,432.2,800.0,50.0
2025-04-12 16:35:00,25.3,84.0,422.4,800.0,50.0
2025-04-12 16:40:00,24.9,84.5,406.0,800.0,50.0
2025-04-12 16:45:00,25.2,85.6,396.2,800.0,50.0
2025-04-12 16:50:00,25.5,83.9,383.0,800.0,50.0
2025-04-12 16:55:00,24.7,87.5,375.5,800.0,50.0
2025-04-12 17:00:00,24.7,86.4,396.3,800.0,50.0
2025-04-12 17:05:00,23.8,91.8,106.0,800.0,50.0
2025-04-12 17:10:00,23.8,87.9,355.4,800.0,50.0
2025-04-12 17:15:00,23.7,92.8,16.3,800.0,50.0
2025-04-12 17:20:00,23.9,89.8,71.2,800.0,50.0
2025-04-12 17:25:00,24.0,86.8,304.8,800.0,50.0
2025-04-12 17:30:00,23.7,89.9,322.4,800.0,50.0
2025-04-12 17:35:00,23.5,92.4,274.9,800.0,50.0
2025-04-12 17:40:00,22.8,93.5,282.3,800.0,50.0
2025-04-12 17:45:00,23.2,92.0,264.6,800.0,50.0
2025-04-12 17:50:00,22.8,92.6,297.6,800.0,50.0
2025-04-12 17:55:00,22.3,92.2,250.0,800.0,50.0
2025-04-12 18:00:00,22.6,83.1,239.8,800.0,50.0
2025-04-12 18:05:00,22.4,85.8,249.3,800.0,50.0
2025-04-12 18:10:00,21.6,86.5,223.9,800.0,50.0
2025-04-12 18:15:00,21.5,87.3,238.2,800.0,50.0
2025-04-12 18:20:00,20.6,87.4,220.4,800.0,50.0
2025-04-12 18:25:00,21.2,87.7,187.5,800.0,50.0
2025-04-12 18:30:00,21.9,87.3,199.9,800.0,50.0
2025-04-12 18:35:00,21.1,85.5,34.2,800.0,50.0
2025-04-12 18:40:00,20.9,86.2,0.0,800.0,50.0
2025-04-12 18:45:00,21.1,88.9,67.3,800.0,50.0
2025-04-12 18:50:00,20.4,92.2,158.3,800.0,50.0
2025-04-12 18:55:00,20.0,89.5,157.2,800.0,50.0
2025-04-12 19:00:00,21.5,85.0,148.9,800.0,50.0
2025-04-12 19:05:00,20.7,87.7,164.5,800.0,50.0
2025-04-12 19:10:00,21.2,91.0,34.8,800.0,50.0
2025-04-12 19:15:00,20.9,94.2,136.3,800.0,50.0
2025-04-12 19:20:00,20.5,92.6,122.9,800.0,50.0
2025-04-12 19:25:00,20.6,90.9,130.9,800.0,50.0
2025-04-12 19:30:00,20.5,93.0,27.0,800.0,50.0
2025-04-12 19:35:00,20.2,91.5,92.7,800.0,50.0
2025-04-12 19:40:00,20.7,92.6,126.3,800.0,50.0
2025-04-12 19:45:00,20.1,92.8,132.0,800.0,50.0
2025-04-12 19:50:00,20.1,95.0,100.5,800.0,50.0
2025-04-12 19:55:00,20.1,95.0,78.8,800.0,50.0
2025-04-12 20:00:00,20.2,93.5,67.9,800.0,50.0
2025-04-12 20:05:00,19.7,90.9,96.4,800.0,50.0
2025-04-12 20:10:00,19.8,93.0,72.7,800.0,50.0
2025-04-12 20:15:00,20.0,95.0,79.4,800.0,50.0
2025-04-12 20:20:00,20.0,90.3,13.3,800.0,50.0
2025-04-12 20:25:00,19.3,94.4,27.2,800.0,50.0
2025-04-12 20:30:00,20.3,93.8,70.5,800.0,50.0
2025-04-12 20:35:00,19.4,95.0,58.5,800.0,50.0
2025-04-12 20:40:00,19.5,95.0,63.2,800.0,50.0
2025-04-12 20:45:00,19.6,95.0,55.3,800.0,50.0
2025-04-12 20:50:00,19.5,94.0,30.2,800.0,50.0
2025-04-12 20:55:00,20.0,95.0,35.6,800.0,50.0
2025-04-12 21:00:00,19.5,95.0,0.0,800.0,50.0
2025-04-12 21:05:00,19.1,94.9,0.0,800.0,50.0
2025-04-12 21:10:00,18.8,95.0,0.0,800.0,50.0
2025-04-12 21:15:00,19.1,95.0,0.0,800.0,50.0
2025-04-12 21:20:00,19.0,95.0,0.0,800.0,50.0
2025-04-12 21:25:00,19.2,95.0,0.0,800.0,50.0
2025-04-12 21:30:00,19.4,95.0,0.0,800.0,50.0
2025-04-12 21:35:00,19.1,95.0,0.0,800.0,50.0
2025-04-12 21:40:00,19.2,95.0,0.0,800.0,50.0
2025-04-12 21:45:00,19.3,95.0,0.0,800.0,50.0
2025-04-12 21:50:00,18.4,95.0,0.0,800.0,50.0
2025-04-12 21:55:00,18.5,95.0,0.0,800.0,50.0
2025-04-12 22:00:00,18.1,95.0,0.0,800.0,50.0
2025-04-12 22:05:00,18.9,95.0,0.0,800.0,50.0
2025-04-12 22:10:00,18.8,95.0,0.0,800.0,50.0
2025-04-12 22:15:00,18.3,95.0,0.0,800.0,50.0
2025-04-12 22:20:00,18.5,95.0,0.0,800.0,50.0
2025-04-12 22:25:00,18.2,95.0,0.0,800.0,50.0
2025-04-12 22:30:00,18.1,95.0,0.0,800.0,50.0
2025-04-12 22:35:00,19.1,95.0,0.0,800.0,50.0
2025-04-12 22:40:00,18.3,95.0,0.0,800.0,50.0
2025-04-12 22:45:00,18.1,95.0,0.0,800.0,50.0
2025-04-12 22:50:00,18.6,95.0,0.0,800.0,50.0
2025-04-12 22:55:00,18.1,95.0,0.0,800.0,50.0
2025-04-12 23:00:00,18.2,95.0,0.0,800.0,50.0
2025-04-12 23:05:00,18.4,95.0,0.0,800.0,50.0
2025-04-12 23:10:00,18.9,95.0,0.0,800.0,50.0
2025-04-12 23:15:00,19.1,95.0,0.0,800.0,50.0
2025-04-12 23:20:00,17.8,95.0,0.0,800.0,50.0
2025-04-12 23:25:00,19.5,95.0,0.0,800.0,50.0
2025-04-12 23:30:00,18.1,95.0,0.0,800.0,50.0
2025-04-12 23:35:00,18.6,95.0,0.0,800.0,50.0
2025-04-12 23:40:00,19.0,95.0,0.0,800.0,50.0
2025-04-12 23:45:00,18.2,95.0,0.0,800.0,50.0
2025-04-12 23:50:00,19.0,95.0,0.0,800.0,50.0
2025-04-12 23:55:00,18.8,95.0,0.0,800.0,50.0
2025-04-13 00:00:00,18.7,95.0,0.0,800.0,50.0
2025-04-13 00:05:00,17.5,95.0,0.0,800.0,50.0
2025-04-13 00:10:00,19.2,95.0,0.0,800.0,50.0
2025-04-13 00:15:00,18.7,95.0,0.0,800.0,50.0
2025-04-13 00:20:00,19.4,95.0,0.0,800.0,50.0
2025-04-13 00:25:00,19.3,95.0,0.0,800.0,50.0
2025-04-13 00:30:00,19.0,95.0,0.0,800.0,50.0
2025-04-13 00:35:00,19.0,95.0,0.0,800.0,50.0
2025-04-13 00:40:00,19.0,95.0,0.0,800.0,50.0
2025-04-13 00:45:00,18.4,95.0,0.0,800.0,50.0
2025-04-13 00:50:00,19.4,95.0,0.0,800.0,50.0
2025-04-13 00:55:00,19.6,94.6,0.0,800.0,50.0
2025-04-13 01:00:00,19.1,95.0,0.0,800.0,50.0
2025-04-13 01:05:00,19.9,95.0,0.0,800.0,50.0
2025-04-13 01:10:00,19.6,95.0,0.0,800.0,50.0
2025-04-13 01:15:00,19.7,95.0,0.0,800.0,50.0
2025-04-13 01:20:00,20.0,95.0,0.0,800.0,50.0
2025-04-13 01:25:00,19.9,95.0,0.0,800.0,50.0
2025-04-13 01:30:00,19.9,95.0,0.0,800.0,50.0
2025-04-13 01:35:00,20.2,95.0,0.0,800.0,50.0
2025-04-13 01:40:00,20.1,94.6,0.0,800.0,50.0
2025-04-13 01:45:00,19.5,94.5,0.0,800.0,50.0
2025-04-13 01:50:00,19.9,91.4,0.0,800.0,50.0
2025-04-13 01:55:00,20.4,88.9,0.0,800.0,50.0
2025-04-13 02:00:00,21.2,95.0,0.0,800.0,50.0
2025-04-13 02:05:00,20.1,93.8,0.0,800.0,50.0
2025-04-13 02:10:00,20.4,92.3,0.0,800.0,50.0
2025-04-13 02:15:00,20.4,92.9,0.0,800.0,50.0
2025-04-13 02:20:00,20.4,93.2,0.0,800.0,50.0
2025-04-13 02:25:00,20.0,92.6,0.0,800.0,50.0
2025-04-13 02:30:00,20.7,92.4,0.0,800.0,50.0
2025-04-13 02:35:00,20.6,94.1,0.0,800.0,50.0
2025-04-13 02:40:00,20.6,91.9,0.0,800.0,50.0
2025-04-13 02:45:00,21.4,91.0,0.0,800.0,50.0
2025-04-13 02:50:00,21.0,90.6,0.0,800.0,50.0
2025-04-13 02:55:00,21.6,89.9,0.0,800.0,50.0
2025-04-13 03:00:00,21.7,89.8,0.0,800.0,50.0
2025-04-13 03:05:00,20.9,91.0,0.0,800.0,50.0
2025-04-13 03:10:00,21.2,90.5,0.0,800.0,50.0
2025-04-13 03:15:00,20.3,88.9,0.0,800.0,50.0
2025-04-13 03:20:00,21.4,86.3,0.0,800.0,50.0
2025-04-13 03:25:00,21.4,86.9,0.0,800.0,50.0
2025-04-13 03:30:00,21.7,84.9,0.0,800.0,50.0
2025-04-13 03:35:00,22.0,90.0,0.0,800.0,50.0
2025-04-13 03:40:00,22.1,88.5,0.0,800.0,50.0
2025-04-13 03:45:00,22.5,88.9,0.0,800.0,50.0
2025-04-13 03:50:00,22.9,85.0,0.0,800.0,50.0
2025-04-13 03:55:00,22.0,87.2,0.0,800.0,50.0
2025-04-13 04:00:00,22.6,86.7,0.0,800.0,50.0
2025-04-13 04:05:00,23.2,84.8,0.0,800.0,50.0
2025-04-13 04:10:00,22.7,82.4,0.0,800.0,50.0
2025-04-13 04:15:00,23.5,83.2,0.0,800.0,50.0
2025-04-13 04:20:00,22.7,82.8,0.0,800.0,50.0
2025-04-13 04:25:00,22.6,81.6,0.0,800.0,50.0
2025-04-13 04:30:00,22.8,79.9,0.0,800.0,50.0
2025-04-13 04:35:00,22.8,86.1,0.0,800.0,50.0
2025-04-13 04:40:00,23.5,83.6,0.0,800.0,50.0
2025-04-13 04:45:00,23.8,85.0,0.0,800.0,50.0
2025-04-13 04:50:00,22.7,78.4,0.0,800.0,50.0
2025-04-13 04:55:00,23.2,79.5,0.0,800.0,50.0
2025-04-13 05:00:00,23.5,79.1,0.0,800.0,50.0
2025-04-13 05:05:00,23.8,79.6,0.0,800.0,50.0
2025-04-13 05:10:00,23.6,74.8,0.0,800.0,50.0
2025-04-13 05:15:00,23.6,77.6,0.0,800.0,50.0
2025-04-13 05:20:00,24.0,76.0,0.0,800.0,50.0
2025-04-13 05:25:00,24.0,75.6,0.0,800.0,50.0
2025-04-13 05:30:00,24.3,75.2,0.0,800.0,50.0
2025-04-13 05:35:00,24.1,74.3,0.0,800.0,50.0
2025-04-13 05:40:00,24.5,74.8,0.0,800.0,50.0
2025-04-13 05:45:00,25.0,76.9,0.0,800.0,50.0
2025-04-13 05:50:00,24.7,74.1,0.0,800.0,50.0
2025-04-13 05:55:00,25.0,76.6,0.0,800.0,50.0
2025-04-13 06:00:00,25.0,78.0,156.6,800.0,50.0
2025-04-13 06:05:00,25.2,72.7,91.1,800.0,50.0
2025-04-13 06:10:00,24.5,76.8,77.3,800.0,50.0
2025-04-13 06:15:00,25.4,73.0,193.8,800.0,50.0
2025-04-13 06:20:00,25.5,74.4,191.9,800.0,50.0
2025-04-13 06:25:00,25.5,74.8,186.0,800.0,50.0
2025-04-13 06:30:00,25.4,76.4,63.4,800.0,50.0
2025-04-13 06:35:00,26.2,79.3,207.4,800.0,50.0
2025-04-13 06:40:00,26.0,74.0,223.0,800.0,50.0
2025-04-13 06:45:00,26.4,76.9,229.9,800.0,50.0
2025-04-13 06:50:00,25.9,75.3,216.3,800.0,50.0
2025-04-13 06:55:00,26.1,76.5,247.9,800.0,50.0
2025-04-13 07:00:00,26.9,85.5,235.8,800.0,50.0
2025-04-13 07:05:00,25.5,87.4,252.8,800.0,50.0
2025-04-13 07:10:00,26.7,86.3,275.0,800.0,50.0
2025-04-13 07:15:00,26.5,87.6,275.5,800.0,50.0
2025-04-13 07:20:00,26.0,85.4,102.2,800.0,50.0
2025-04-13 07:25:00,26.9,83.6,279.7,800.0,50.0
2025-04-13 07:30:00,26.1,86.6,301.8,800.0,50.0
2025-04-13 07:35:00,27.2,87.2,317.6,800.0,50.0
2025-04-13 07:40:00,26.5,83.6,105.8,800.0,50.0
2025-04-13 07:45:00,26.9,84.2,136.2,800.0,50.0
2025-04-13 07:50:00,26.8,81.8,337.3,800.0,50.0
2025-04-13 07:55:00,27.4,83.8,355.1,800.0,50.0
2025-04-13 08:00:00,27.1,85.8,396.2,800.0,50.0
2025-04-13 08:05:00,27.2,81.1,383.8,800.0,50.0
2025-04-13 08:10:00,27.4,83.1,404.0,800.0,50.0
2025-04-13 08:15:00,27.7,79.8,410.5,800.0,50.0
2025-04-13 08:20:00,27.3,79.1,427.4,800.0,50.0
2025-04-13 08:25:00,27.9,81.8,425.4,800.0,50.0
2025-04-13 08:30:00,28.0,78.8,425.8,800.0,50.0
2025-04-13 08:35:00,27.6,79.4,447.6,800.0,50.0
2025-04-13 08:40:00,28.5,76.4,129.6,800.0,50.0
2025-04-13 08:45:00,28.7,72.7,487.7,800.0,50.0
2025-04-13 08:50:00,28.2,72.1,482.3,800.0,50.0
2025-04-13 08:55:00,28.4,70.0,487.8,800.0,50.0
2025-04-13 09:00:00,29.4,66.7,504.4,800.0,50.0
2025-04-13 09:05:00,28.9,62.9,534.4,800.0,50.0
2025-04-13 09:10:00,29.1,55.7,535.2,800.0,50.0
2025-04-13 09:15:00,29.3,59.5,554.2,800.0,50.0
2025-04-13 09:20:00,29.3,61.7,282.8,800.0,50.0
2025-04-13 09:25:00,29.7,55.8,571.4,800.0,50.0
2025-04-13 09:30:00,30.1,57.7,571.5,800.0,50.0
2025-04-13 09:35:00,29.8,56.6,148.5,800.0,50.0
2025-04-13 09:40:00,30.4,55.2,600.3,800.0,50.0
2025-04-13 09:45:00,30.0,55.9,643.7,800.0,50.0
2025-04-13 09:50:00,29.9,54.4,644.2,800.0,50.0
2025-04-13 09:55:00,30.3,55.4,666.2,800.0,50.0
2025-04-13 10:00:00,29.9,63.8,676.4,800.0,50.0
2025-04-13 10:05:00,30.8,62.6,671.1,800.0,50.0
2025-04-13 10:10:00,30.9,59.4,676.0,800.0,50.0
2025-04-13 10:15:00,30.8,62.1,687.1,800.0,50.0
2025-04-13 10:20:00,29.7,60.7,689.5,800.0,50.0
2025-04-13 10:25:00,30.8,60.8,274.8,800.0,50.0
2025-04-13 10:30:00,30.2,61.0,746.8,800.0,50.0
2025-04-13 10:35:00,30.5,61.1,764.4,800.0,50.0
2025-04-13 10:40:00,31.1,62.8,752.9,800.0,50.0
2025-04-13 10:45:00,30.8,62.4,756.3,800.0,50.0
2025-04-13 10:50:00,31.1,57.1,755.4,800.0,50.0
2025-04-13 10:55:00,31.8,61.0,781.2,800.0,50.0
2025-04-13 11:00:00,31.2,61.0,758.6,800.0,50.0
2025-04-13 11:05:00,31.2,57.7,785.0,800.0,50.0
2025-04-13 11:10:00,30.7,63.2,782.5,800.0,50.0
2025-04-13 11:15:00,31.4,59.0,818.9,800.0,50.0
2025-04-13 11:20:00,31.1,60.1,807.1,800.0,50.0
2025-04-13 11:25:00,31.1,59.2,795.1,800.0,50.0
2025-04-13 11:30:00,31.2,61.1,823.8,800.0,50.0
2025-04-13 11:35:00,31.1,58.1,829.7,800.0,50.0
2025-04-13 11:40:00,31.2,58.4,826.6,800.0,50.0
2025-04-13 11:45:00,31.2,62.0,832.9,800.0,50.0
2025-04-13 11:50:00,30.7,65.5,832.8,800.0,50.0
2025-04-13 11:55:00,31.1,60.7,828.6,800.0,50.0
2025-04-13 12:00:00,30.9,60.9,858.5,800.0,50.0
2025-04-13 12:05:00,30.7,60.3,833.0,800.0,50.0
2025-04-13 12:10:00,31.6,66.1,853.0,800.0,50.0
2025-04-13 12:15:00,32.1,62.7,843.4,800.0,50.0
2025-04-13 12:20:00,31.2,63.9,264.9,800.0,50.0
2025-04-13 12:25:00,30.5,59.9,840.4,800.0,50.0
2025-04-13 12:30:00,30.3,64.5,886.4,800.0,50.0
2025-04-13 12:35:00,31.3,63.6,225.4,800.0,50.0
2025-04-13 12:40:00,31.1,63.1,847.8,800.0,50.0
2025-04-13 12:45:00,31.6,64.6,848.6,800.0,50.0
2025-04-13 12:50:00,31.5,62.1,824.3,800.0,50.0
2025-04-13 12:55:00,31.9,63.9,856.7,800.0,50.0
2025-04-13 13:00:00,30.1,61.3,825.3,800.0,50.0
2025-04-13 13:05:00,31.2,61.9,232.3,800.0,50.0
2025-04-13 13:10:00,30.2,64.1,833.3,800.0,50.0
2025-04-13 13:15:00,30.1,60.1,830.8,800.0,50.0
2025-04-13 13:20:00,30.0,59.6,826.5,800.0,50.0
2025-04-13 13:25:00,30.5,61.7,807.0,800.0,50.0
2025-04-13 13:30:00,30.6,61.9,833.7,800.0,50.0
2025-04-13 13:35:00,30.7,66.6,768.2,800.0,50.0
2025-04-13 13:40:00,31.1,63.4,826.3,800.0,50.0
2025-04-13 13:45:00,30.1,64.0,782.3,800.0,50.0
2025-04-13 13:50:00,29.7,63.9,799.6,800.0,50.0
2025-04-13 13:55:00,30.4,62.2,806.4,800.0,50.0
2025-04-13 14:00:00,30.4,67.5,223.0,800.0,50.0
2025-04-13 14:05:00,30.4,67.8,793.0,800.0,50.0
2025-04-13 14:10:00,30.1,63.1,272.7,800.0,50.0
2025-04-13 14:15:00,30.4,66.4,184.7,800.0,50.0
2025-04-13 14:20:00,30.2,65.8,736.7,800.0,50.0
2025-04-13 14:25:00,29.5,67.9,319.7,800.0,50.0
2025-04-13 14:30:00,29.5,65.2,736.0,800.0,50.0
2025-04-13 14:35:00,29.2,66.6,710.3,800.0,50.0
2025-04-13 14:40:00,29.2,69.6,683.4,800.0,50.0
2025-04-13 14:45:00,29.0,68.9,111.8,800.0,50.0
2025-04-13 14:50:00,29.2,70.5,672.8,800.0,50.0
2025-04-13 14:55:00,28.7,69.4,666.9,800.0,50.0
2025-04-13 15:00:00,28.8,72.9,662.7,800.0,50.0
2025-04-13 15:05:00,28.3,73.1,635.6,800.0,50.0
2025-04-13 15:10:00,28.5,71.2,650.9,800.0,50.0
2025-04-13 15:15:00,29.4,71.5,622.8,800.0,50.0
2025-04-13 15:20:00,27.9,69.5,155.5,800.0,50.0
2025-04-13 15:25:00,28.1,73.1,607.7,800.0,50.0
2025-04-13 15:30:00,27.6,75.6,583.5,800.0,50.0
2025-04-13 15:35:00,27.2,72.6,567.5,800.0,50.0
2025-04-13 15:40:00,27.6,69.7,247.6,800.0,50.0
2025-04-13 15:45:00,26.5,74.8,557.3,800.0,50.0
2025-04-13 15:50:00,26.4,77.0,546.8,800.0,50.0
2025-04-13 15:55:00,27.0,73.9,515.2,800.0,50.0
2025-04-13 16:00:00,26.0,81.3,493.5,800.0,50.0
2025-04-13 16:05:00,26.5,86.6,536.4,800.0,50.0
2025-04-13 16:10:00,26.8,85.4,511.0,800.0,50.0
2025-04-13 16:15:00,25.9,86.9,475.3,800.0,50.0
2025-04-13 16:20:00,26.4,85.4,444.4,800.0,50.0
2025-04-13 16:25:00,26.0,87.8,446.0,800.0,50.0
2025-04-13 16:30:00,25.2,87.0,448.4,800.0,50.0
2025-04-13 16:35:00,26.1,84.4,418.0,800.0,50.0
2025-04-13 16:40:00,24.7,86.3,70.2,800.0,50.0
2025-04-13 16:45:00,25.3,90.4,154.2,800.0,50.0
2025-04-13 16:50:00,25.3,86.1,177.1,800.0,50.0
2025-04-13 16:55:00,24.2,83.0,380.2,800.0,50.0
2025-04-13 17:00:00,24.7,89.5,363.5,800.0,50.0
2025-04-13 17:05:00,23.5,88.0,376.0,800.0,50.0
2025-04-13 17:10:00,24.8,90.6,346.9,800.0,50.0
2025-04-13 17:15:00,23.6,89.2,305.1,800.0,50.0
2025-04-13 17:20:00,23.8,89.8,352.7,800.0,50.0
2025-04-13 17:25:00,23.6,91.0,304.0,800.0,50.0
2025-04-13 17:30:00,23.3,90.5,36.5,800.0,50.0
2025-04-13 17:35:00,23.2,89.0,301.0,800.0,50.0
2025-04-13 17:40:00,23.0,91.6,277.0,800.0,50.0
2025-04-13 17:45:00,22.9,90.7,272.6,800.0,50.0
2025-04-13 17:50:00,22.6,95.0,261.3,800.0,50.0
2025-04-13 17:55:00,22.3,93.3,241.2,800.0,50.0
2025-04-13 18:00:00,22.6,82.7,270.6,800.0,50.0
2025-04-13 18:05:00,21.5,81.7,236.9,800.0,50.0
2025-04-13 18:10:00,21.7,85.9,72.3,800.0,50.0
2025-04-13 18:15:00,21.5,84.2,224.4,800.0,50.0
2025-04-13 18:20:00,21.8,87.3,47.2,800.0,50.0
2025-04-13 18:25:00,21.8,90.0,91.5,800.0,50.0
2025-04-13 18:30:00,20.8,88.5,188.2,800.0,50.0
2025-04-13 18:35:00,22.0,87.3,201.3,800.0,50.0
2025-04-13 18:40:00,20.5,86.6,170.4,800.0,50.0
2025-04-13 18:45:00,21.4,90.8,184.4,800.0,50.0
2025-04-13 18:50:00,20.7,87.9,195.6,800.0,50.0
2025-04-13 18:55:00,20.4,90.8,136.6,800.0,50.0
2025-04-13 19:00:00,20.9,86.1,145.5,800.0,50.0
2025-04-13 19:05:00,19.9,88.7,18.5,800.0,50.0
2025-04-13 19:10:00,21.5,91.5,7.4,800.0,50.0
2025-04-13 19:15:00,21.3,91.1,132.9,800.0,50.0
2025-04-13 19:20:00,20.9,87.8,26.4,800.0,50.0
2025-04-13 19:25:00,20.4,91.2,120.7,800.0,50.0
2025-04-13 19:30:00,20.8,86.8,120.8,800.0,50.0
2025-04-13 19:35:00,20.5,92.1,104.0,800.0,50.0
2025-04-13 19:40:00,20.2,90.1,136.4,800.0,50.0
2025-04-13 19:45:00,20.6,87.9,42.6,800.0,50.0
2025-04-13 19:50:00,20.8,92.6,95.8,800.0,50.0
2025-04-13 19:55:00,20.5,95.0,115.7,800.0,50.0
2025-04-13 20:00:00,20.0,93.4,79.5,800.0,50.0
2025-04-13 20:05:00,19.7,95.0,63.6,800.0,50.0
2025-04-13 20:10:00,19.6,94.6,94.8,800.0,50.0
2025-04-13 20:15:00,19.1,94.4,72.6,800.0,50.0
2025-04-13 20:20:00,19.2,95.0,63.9,800.0,50.0
2025-04-13 20:25:00,19.6,94.4,77.6,800.0,50.0
2025-04-13 20:30:00,19.1,95.0,71.9,800.0,50.0
2025-04-13 20:35:00,19.7,94.9,67.0,800.0,50.0
2025-04-13 20:40:00,20.1,95.0,39.0,800.0,50.0
2025-04-13 20:45:00,20.5,93.8,32.6,800.0,50.0
2025-04-13 20:50:00,19.4,95.0,36.7,800.0,50.0
2025-04-13 20:55:00,19.1,95.0,12.1,800.0,50.0
2025-04-13 21:00:00,18.8,95.0,0.0,800.0,50.0
2025-04-13 21:05:00,19.9,92.8,0.0,800.0,50.0
2025-04-13 21:10:00,19.6,95.0,0.0,800.0,50.0
2025-04-13 21:15:00,19.3,95.0,0.0,800.0,50.0
2025-04-13 21:20:00,19.3,95.0,0.0,800.0,50.0
2025-04-13 21:25:00,18.6,95.0,0.0,800.0,50.0
2025-04-13 21:30:00,19.1,95.0,0.0,800.0,50.0
2025-04-13 21:35:00,19.2,95.0,0.0,800.0,50.0
2025-04-13 21:40:00,18.3,95.0,0.0,800.0,50.0
2025-04-13 21:45:00,19.5,95.0,0.0,800.0,50.0
2025-04-13 21:50:00,19.0,95.0,0.0,800.0,50.0
2025-04-13 21:55:00,18.5,95.0,0.0,800.0,50.0
2025-04-13 22:00:00,19.1,95.0,0.0,800.0,50.0
2025-04-13 22:05:00,19.3,95.0,0.0,800.0,50.0
2025-04-13 22:10:00,18.7,95.0,0.0,800.0,50.0
2025-04-13 22:15:00,19.6,95.0,0.0,800.0,50.0
2025-04-13 22:20:00,18.4,95.0,0.0,800.0,50.0
2025-04-13 22:25:00,18.8,95.0,0.0,800.0,50.0
2025-04-13 22:30:00,18.8,95.0,0.0,800.0,50.0
2025-04-13 22:35:00,18.6,95.0,0.0,800.0,50.0
2025-04-13 22:40:00,18.8,95.0,0.0,800.0,50.0
2025-04-13 22:45:00,18.1,95.0,0.0,800.0,50.0
2025-04-13 22:50:00,18.5,95.0,0.0,800.0,50.0
2025-04-13 22:55:00,18.1,95.0,0.0,800.0,50.0
2025-04-13 23:00:00,19.5,95.0,0.0,800.0,50.0
2025-04-13 23:05:00,18.6,95.0,0.0,800.0,50.0
2025-04-13 23:10:00,18.9,95.0,0.0,800.0,50.0
2025-04-13 23:15:00,18.6,95.0,0.0,800.0,50.0
2025-04-13 23:20:00,19.0,95.0,0.0,800.0,50.0
2025-04-13 23:25:00,18.6,95.0,0.0,800.0,50.0
2025-04-13 23:30:00,18.2,95.0,0.0,800.0,50.0
2025-04-13 23:35:00,19.3,95.0,0.0,800.0,50.0
2025-04-13 23:40:00,18.5,95.0,0.0,800.0,50.0
2025-04-13 23:45:00,19.1,95.0,0.0,800.0,50.0
2025-04-13 23:50:00,19.1,95.0,0.0,800.0,50.0
2025-04-13 23:55:00,18.9,95.0,0.0,800.0,50.0
2025-04-14 00:00:00,18.4,95.0,0.0,800.0,50.0
2025-04-14 00:05:00,18.8,95.0,0.0,800.0,50.0
2025-04-14 00:10:00,18.7,95.0,0.0,800.0,50.0
2025-04-14 00:15:00,18.2,95.0,0.0,800.0,50.0
2025-04-14 00:20:00,19.1,95.0,0.0,800.0,50.0
2025-04-14 00:25:00,19.4,95.0,0.0,800.0,50.0
2025-04-14 00:30:00,19.2,95.0,0.0,800.0,50.0
2025-04-14 00:35:00,19.5,95.0,0.0,800.0,50.0
2025-04-14 00:40:00,18.8,95.0,0.0,800.0,50.0
2025-04-14 00:45:00,19.7,95.0,0.0,800.0,50.0
2025-04-14 00:50:00,19.7,95.0,0.0,800.0,50.0
2025-04-14 00:55:00,19.8,95.0,0.0,800.0,50.0
2025-04-14 01:00:00,19.1,95.0,0.0,800.0,50.0
2025-04-14 01:05:00,19.3,92.1,0.0,800.0,50.0
2025-04-14 01:10:00,18.9,94.6,0.0,800.0,50.0
2025-04-14 01:15:00,19.1,95.0,0.0,800.0,50.0
2025-04-14 01:20:00,19.7,95.0,0.0,800.0,50.0
2025-04-14 01:25:00,20.5,95.0,0.0,800.0,50.0
2025-04-14 01:30:00,20.1,92.9,0.0,800.0,50.0
2025-04-14 01:35:00,19.8,95.0,0.0,800.0,50.0
2025-04-14 01:40:00,19.7,95.0,0.0,800.0,50.0
2025-04-14 01:45:00,20.0,92.6,0.0,800.0,50.0
2025-04-14 01:50:00,19.6,95.0,0.0,800.0,50.0
2025-04-14 01:55:00,19.9,90.3,0.0,800.0,50.0
2025-04-14 02:00:00,19.9,90.5,0.0,800.0,50.0
2025-04-14 02:05:00,20.6,89.9,0.0,800.0,50.0
2025-04-14 02:10:00,19.8,93.5,0.0,800.0,50.0
2025-04-14 02:15:00,20.8,93.0,0.0,800.0,50.0
2025-04-14 02:20:00,20.0,93.2,0.0,800.0,50.0
2025-04-14 02:25:00,20.4,94.8,0.0,800.0,50.0
2025-04-14 02:30:00,21.0,91.1,0.0,800.0,50.0
2025-04-14 02:35:00,21.1,92.4,0.0,800.0,50.0
2025-04-14 02:40:00,21.4,92.9,0.0,800.0,50.0
2025-04-14 02:45:00,21.1,93.8,0.0,800.0,50.0
2025-04-14 02:50:00,21.0,89.2,0.0,800.0,50.0
2025-04-14 02:55:00,21.2,89.7,0.0,800.0,50.0
2025-04-14 03:00:00,21.4,90.1,0.0,800.0,50.0
2025-04-14 03:05:00,21.5,87.2,0.0,800.0,50.0
2025-04-14 03:10:00,21.6,86.7,0.0,800.0,50.0
2025-04-14 03:15:00,21.9,90.8,0.0,800.0,50.0
2025-04-14 03:20:00,21.7,89.1,0.0,800.0,50.0
2025-04-14 03:25:00,21.6,86.8,0.0,800.0,50.0
2025-04-14 03:30:00,21.8,91.6,0.0,800.0,50.0
2025-04-14 03:35:00,22.0,84.6,0.0,800.0,50.0
2025-04-14 03:40:00,21.3,84.0,0.0,800.0,50.0
2025-04-14 03:45:00,21.9,89.0,0.0,800.0,50.0
2025-04-14 03:50:00,21.8,88.9,0.0,800.0,50.0
2025-04-14 03:55:00,22.4,86.6,0.0,800.0,50.0
2025-04-14 04:00:00,22.6,86.4,0.0,800.0,50.0
2025-04-14 04:05:00,22.3,80.1,0.0,800.0,50.0
2025-04-14 04:10:00,22.4,82.6,0.0,800.0,50.0
2025-04-14 04:15:00,22.8,84.3,0.0,800.0,50.0
2025-04-14 04:20:00,22.7,87.0,0.0,800.0,50.0
2025-04-14 04:25:00,22.7,78.6,0.0,800.0,50.0
2025-04-14 04:30:00,23.1,85.0,0.0,800.0,50.0
2025-04-14 04:35:00,23.3,81.5,0.0,800.0,50.0
2025-04-14 04:40:00,23.4,85.4,0.0,800.0,50.0
2025-04-14 04:45:00,23.0,81.4,0.0,800.0,50.0
2025-04-14 04:50:00,23.7,81.4,0.0,800.0,50.0
2025-04-14 04:55:00,23.5,79.6,0.0,800.0,50.0
2025-04-14 05:00:00,23.6,81.1,0.0,800.0,50.0
2025-04-14 05:05:00,24.0,83.8,0.0,800.0,50.0
2025-04-14 05:10:00,23.3,82.6,0.0,800.0,50.0
2025-04-14 05:15:00,23.9,78.5,0.0,800.0,50.0
2025-04-14 05:20:00,24.5,80.0,0.0,800.0,50.0
2025-04-14 05:25:00,24.7,80.6,0.0,800.0,50.0
2025-04-14 05:30:00,24.3,80.2,0.0,800.0,50.0
2025-04-14 05:35:00,24.2,76.3,0.0,800.0,50.0
2025-04-14 05:40:00,24.5,75.5,0.0,800.0,50.0
2025-04-14 05:45:00,24.7,77.9,0.0,800.0,50.0
2025-04-14 05:50:00,25.0,74.4,0.0,800.0,50.0
2025-04-14 05:55:00,24.6,73.5,0.0,800.0,50.0
2025-04-14 06:00:00,25.0,71.7,149.1,800.0,50.0
2025-04-14 06:05:00,24.6,75.5,173.7,800.0,50.0
2025-04-14 06:10:00,25.0,74.5,196.2,800.0,50.0
2025-04-14 06:15:00,25.1,77.0,184.1,800.0,50.0
2025-04-14 06:20:00,24.9,75.0,175.0,800.0,50.0
2025-04-14 06:25:00,25.3,75.2,1.6,800.0,50.0
2025-04-14 06:30:00,26.1,79.6,183.8,800.0,50.0
2025-04-14 06:35:00,25.8,75.1,197.7,800.0,50.0
2025-04-14 06:40:00,25.5,78.0,213.3,800.0,50.0
2025-04-14 06:45:00,26.1,75.5,232.7,800.0,50.0
2025-04-14 06:50:00,26.3,79.0,260.2,800.0,50.0
2025-04-14 06:55:00,26.8,75.1,252.0,800.0,50.0
2025-04-14 07:00:00,26.0,88.4,218.7,800.0,50.0
2025-04-14 07:05:00,25.6,87.7,263.2,800.0,50.0
2025-04-14 07:10:00,25.6,85.9,263.6,800.0,50.0
2025-04-14 07:15:00,26.1,87.4,275.5,800.0,50.0
2025-04-14 07:20:00,26.4,86.3,282.1,800.0,50.0
2025-04-14 07:25:00,27.3,88.0,293.6,800.0,50.0
2025-04-14 07:30:00,26.9,86.8,37.3,800.0,50.0
2025-04-14 07:35:00,27.1,83.6,329.6,800.0,50.0
2025-04-14 07:40:00,26.3,83.2,119.4,800.0,50.0
2025-04-14 07:45:00,26.6,84.9,137.4,800.0,50.0
2025-04-14 07:50:00,27.1,82.9,357.3,800.0,50.0
2025-04-14 07:55:00,27.0,84.9,335.3,800.0,50.0
2025-04-14 08:00:00,27.6,81.7,49.5,800.0,50.0
2025-04-14 08:05:00,27.7,81.5,376.9,800.0,50.0
2025-04-14 08:10:00,27.8,79.5,391.5,800.0,50.0
2025-04-14 08:15:00,27.5,83.0,407.7,800.0,50.0
2025-04-14 08:20:00,27.8,84.6,415.0,800.0,50.0
2025-04-14 08:25:00,27.6,75.2,120.6,800.0,50.0
2025-04-14 08:30:00,27.8,78.3,462.4,800.0,50.0
2025-04-14 08:35:00,28.0,75.9,452.1,800.0,50.0
2025-04-14 08:40:00,28.4,75.0,446.7,800.0,50.0
2025-04-14 08:45:00,28.4,77.0,489.1,800.0,50.0
2025-04-14 08:50:00,28.7,69.8,503.9,800.0,50.0
2025-04-14 08:55:00,28.5,71.9,475.3,800.0,50.0
2025-04-14 09:00:00,29.1,63.1,538.2,800.0,50.0
2025-04-14 09:05:00,29.0,60.7,63.4,800.0,50.0
2025-04-14 09:10:00,29.7,60.5,551.7,800.0,50.0
2025-04-14 09:15:00,29.2,60.9,566.8,800.0,50.0
2025-04-14 09:20:00,29.3,57.9,571.5,800.0,50.0
2025-04-14 09:25:00,29.1,60.2,608.8,800.0,50.0
2025-04-14 09:30:00,29.4,57.0,598.6,800.0,50.0
2025-04-14 09:35:00,29.9,56.2,602.0,800.0,50.0
2025-04-14 09:40:00,30.0,54.8,636.8,800.0,50.0
2025-04-14 09:45:00,29.5,52.2,618.2,800.0,50.0
2025-04-14 09:50:00,30.2,54.6,614.8,800.0,50.0
2025-04-14 09:55:00,30.1,53.4,652.9,800.0,50.0
2025-04-14 10:00:00,30.6,60.1,71.2,800.0,50.0
2025-04-14 10:05:00,30.4,57.5,702.5,800.0,50.0
2025-04-14 10:10:00,30.3,59.9,221.0,800.0,50.0
2025-04-14 10:15:00,31.1,62.7,706.1,800.0,50.0
2025-04-14 10:20:00,30.8,63.1,154.9,800.0,50.0
2025-04-14 10:25:00,30.0,59.8,710.0,800.0,50.0
2025-04-14 10:30:00,30.6,56.5,317.4,800.0,50.0
2025-04-14 10:35:00,30.9,61.5,731.5,800.0,50.0
2025-04-14 10:40:00,31.2,60.3,734.4,800.0,50.0
2025-04-14 10:45:00,30.9,63.2,759.7,800.0,50.0
2025-04-14 10:50:00,31.0,57.7,265.5,800.0,50.0
2025-04-14 10:55:00,30.7,59.7,246.1,800.0,50.0
2025-04-14 11:00:00,30.5,61.1,756.1,800.0,50.0
2025-04-14 11:05:00,30.7,60.2,778.9,800.0,50.0
2025-04-14 11:10:00,31.6,59.8,82.2,800.0,50.0
2025-04-14 11:15:00,31.0,58.1,789.2,800.0,50.0
2025-04-14 11:20:00,31.5,58.1,815.3,800.0,50.0
2025-04-14 11:25:00,31.3,60.1,801.9,800.0,50.0
2025-04-14 11:30:00,30.7,61.4,826.6,800.0,50.0
2025-04-14 11:35:00,31.5,58.0,810.3,800.0,50.0
2025-04-14 11:40:00,31.1,59.1,385.9,800.0,50.0
2025-04-14 11:45:00,31.2,61.9,371.0,800.0,50.0
2025-04-14 11:50:00,30.8,59.3,842.6,800.0,50.0
2025-04-14 11:55:00,31.6,59.7,356.2,800.0,50.0
2025-04-14 12:00:00,31.4,60.7,835.4,800.0,50.0
2025-04-14 12:05:00,31.3,62.3,216.7,800.0,50.0
2025-04-14 12:10:00,31.3,60.3,167.4,800.0,50.0
2025-04-14 12:15:00,31.8,62.3,149.1,800.0,50.0
2025-04-14 12:20:00,30.7,61.8,872.4,800.0,50.0
2025-04-14 12:25:00,31.3,58.9,343.3,800.0,50.0
2025-04-14 12:30:00,31.2,64.7,851.3,800.0,50.0
2025-04-14 12:35:00,31.0,62.4,870.5,800.0,50.0
2025-04-14 12:40:00,30.7,64.7,813.3,800.0,50.0
2025-04-14 12:45:00,31.1,63.3,406.6,800.0,50.0
2025-04-14 12:50:00,31.9,62.5,864.9,800.0,50.0
2025-04-14 12:55:00,31.0,61.7,838.8,800.0,50.0
2025-04-14 13:00:00,31.2,67.0,844.6,800.0,50.0
2025-04-14 13:05:00,31.6,59.8,861.6,800.0,50.0
2025-04-14 13:10:00,31.2,63.4,289.3,800.0,50.0
2025-04-14 13:15:00,31.2,63.1,233.8,800.0,50.0
2025-04-14 13:20:00,30.6,63.4,829.5,800.0,50.0
2025-04-14 13:25:00,30.1,67.7,225.5,800.0,50.0
2025-04-14 13:30:00,30.6,66.9,803.2,800.0,50.0
2025-04-14 13:35:00,30.9,64.2,826.0,800.0,50.0
2025-04-14 13:40:00,30.4,66.8,771.6,800.0,50.0
2025-04-14 13:45:00,30.7,65.7,816.7,800.0,50.0
2025-04-14 13:50:00,30.8,62.5,793.8,800.0,50.0
2025-04-14 13:55:00,29.7,67.1,795.0,800.0,50.0
2025-04-14 14:00:00,30.6,67.2,765.0,800.0,50.0
2025-04-14 14:05:00,30.5,66.1,111.1,800.0,50.0
2025-04-14 14:10:00,29.8,66.4,766.4,800.0,50.0
2025-04-14 14:15:00,29.1,66.6,752.1,800.0,50.0
2025-04-14 14:20:00,29.7,65.7,750.7,800.0,50.0
2025-04-14 14:25:00,29.7,69.6,734.7,800.0,50.0
2025-04-14 14:30:00,29.4,68.1,708.6,800.0,50.0
2025-04-14 14:35:00,29.9,63.3,709.9,800.0,50.0
2025-04-14 14:40:00,29.3,70.5,217.4,800.0,50.0
2025-04-14 14:45:00,28.2,68.2,674.6,800.0,50.0
2025-04-14 14:50:00,28.8,70.3,690.1,800.0,50.0
2025-04-14 14:55:00,28.6,67.4,681.0,800.0,50.0
2025-04-14 15:00:00,29.9,71.6,670.2,800.0,50.0
2025-04-14 15:05:00,28.4,73.6,641.6,800.0,50.0
2025-04-14 15:10:00,28.3,67.9,643.4,800.0,50.0
2025-04-14 15:15:00,28.3,70.9,270.9,800.0,50.0
2025-04-14 15:20:00,28.0,72.6,238.6,800.0,50.0
2025-04-14 15:25:00,28.4,75.9,626.8,800.0,50.0
2025-04-14 15:30:00,27.2,76.4,587.9,800.0,50.0
2025-04-14 15:35:00,27.5,73.1,555.7,800.0,50.0
2025-04-14 15:40:00,26.8,76.2,563.2,800.0,50.0
2025-04-14 15:45:00,27.8,73.5,556.2,800.0,50.0
2025-04-14 15:50:00,27.1,73.1,548.7,800.0,50.0
2025-04-14 15:55:00,26.3,78.7,208.8,800.0,50.0
2025-04-14 16:00:00,26.7,84.6,521.9,800.0,50.0
2025-04-14 16:05:00,26.3,84.4,499.2,800.0,50.0
2025-04-14 16:10:00,26.7,87.7,259.4,800.0,50.0
2025-04-14 16:15:00,26.4,84.4,470.8,800.0,50.0
2025-04-14 16:20:00,26.3,86.0,481.7,800.0,50.0
2025-04-14 16:25:00,25.4,85.3,134.9,800.0,50.0
2025-04-14 16:30:00,25.0,83.9,448.4,800.0,50.0
2025-04-14 16:35:00,25.3,85.1,444.6,800.0,50.0
2025-04-14 16:40:00,25.1,86.3,403.8,800.0,50.0
2025-04-14 16:45:00,25.6,87.6,218.5,800.0,50.0
2025-04-14 16:50:00,25.7,86.4,371.1,800.0,50.0
2025-04-14 16:55:00,25.1,88.0,362.3,800.0,50.0
2025-04-14 17:00:00,25.3,86.0,370.0,800.0,50.0
2025-04-14 17:05:00,24.3,86.7,357.8,800.0,50.0
2025-04-14 17:10:00,24.1,89.3,156.9,800.0,50.0
2025-04-14 17:15:00,24.0,89.6,150.6,800.0,50.0
2025-04-14 17:20:00,23.9,90.8,310.7,800.0,50.0
2025-04-14 17:25:00,23.1,90.7,319.1,800.0,50.0
2025-04-14 17:30:00,23.3,91.6,286.8,800.0,50.0
2025-04-14 17:35:00,23.4,88.2,309.7,800.0,50.0
2025-04-14 17:40:00,23.1,94.2,87.3,800.0,50.0
2025-04-14 17:45:00,22.7,92.7,281.3,800.0,50.0
2025-04-14 17:50:00,22.3,90.8,298.6,800.0,50.0
2025-04-14 17:55:00,22.6,95.0,239.1,800.0,50.0
2025-04-14 18:00:00,22.9,82.3,235.6,800.0,50.0
2025-04-14 18:05:00,22.0,83.3,211.0,800.0,50.0
2025-04-14 18:10:00,21.7,84.8,253.8,800.0,50.0
2025-04-14 18:15:00,21.7,87.5,198.6,800.0,50.0
2025-04-14 18:20:00,21.8,87.2,216.9,800.0,50.0
2025-04-14 18:25:00,21.6,88.2,186.7,800.0,50.0
2025-04-14 18:30:00,21.4,88.9,176.5,800.0,50.0
2025-04-14 18:35:00,20.6,83.6,86.0,800.0,50.0
2025-04-14 18:40:00,21.3,90.1,146.8,800.0,50.0
2025-04-14 18:45:00,20.9,88.9,18.1,800.0,50.0
2025-04-14 18:50:00,20.6,90.4,167.2,800.0,50.0
2025-04-14 18:55:00,20.2,91.6,151.9,800.0,50.0
2025-04-14 19:00:00,21.5,89.1,150.9,800.0,50.0
2025-04-14 19:05:00,21.0,87.9,156.7,800.0,50.0
2025-04-14 19:10:00,21.1,89.5,114.1,800.0,50.0
2025-04-14 19:15:00,20.2,91.0,114.2,800.0,50.0
2025-04-14 19:20:00,21.1,95.0,122.2,800.0,50.0
2025-04-14 19:25:00,20.9,92.0,116.7,800.0,50.0
2025-04-14 19:30:00,21.0,89.1,0.0,800.0,50.0
2025-04-14 19:35:00,20.1,92.7,118.4,800.0,50.0
2025-04-14 19:40:00,19.9,88.4,100.7,800.0,50.0
2025-04-14 19:45:00,20.6,93.2,78.1,800.0,50.0
2025-04-14 19:50:00,20.8,90.9,99.7,800.0,50.0
2025-04-14 19:55:00,20.8,94.7,88.7,800.0,50.0
2025-04-14 20:00:00,19.8,95.0,72.7,800.0,50.0
2025-04-14 20:05:00,19.8,94.8,108.7,800.0,50.0
2025-04-14 20:10:00,20.3,91.7,53.2,800.0,50.0
2025-04-14 20:15:00,20.2,95.0,82.5,800.0,50.0
2025-04-14 20:20:00,20.3,92.8,85.0,800.0,50.0
2025-04-14 20:25:00,20.3,92.5,42.3,800.0,50.0
2025-04-14 20:30:00,19.9,94.2,33.6,800.0,50.0
2025-04-14 20:35:00,19.8,95.0,71.5,800.0,50.0
2025-04-14 20:40:00,19.3,95.0,63.7,800.0,50.0
2025-04-14 20:45:00,19.2,94.1,51.8,800.0,50.0
2025-04-14 20:50:00,19.2,94.5,37.5,800.0,50.0
2025-04-14 20:55:00,18.8,95.0,17.7,800.0,50.0
2025-04-14 21:00:00,19.9,92.7,0.0,800.0,50.0
2025-04-14 21:05:00,19.8,95.0,0.0,800.0,50.0
2025-04-14 21:10:00,19.2,95.0,0.0,800.0,50.0
2025-04-14 21:15:00,19.8,95.0,0.0,800.0,50.0
2025-04-14 21:20:00,19.2,95.0,0.0,800.0,50.0
2025-04-14 21:25:00,18.5,95.0,0.0,800.0,50.0
2025-04-14 21:30:00,19.0,95.0,0.0,800.0,50.0
2025-04-14 21:35:00,18.7,95.0,0.0,800.0,50.0
2025-04-14 21:40:00,19.3,95.0,0.0,800.0,50.0
2025-04-14 21:45:00,19.4,95.0,0.0,800.0,50.0
2025-04-14 21:50:00,18.4,95.0,0.0,800.0,50.0
2025-04-14 21:55:00,18.6,95.0,0.0,800.0,50.0
2025-04-14 22:00:00,18.2,95.0,0.0,800.0,50.0
2025-04-14 22:05:00,18.7,95.0,0.0,800.0,50.0
2025-04-14 22:10:00,18.8,95.0,0.0,800.0,50.0
2025-04-14 22:15:00,18.7,95.0,0.0,800.0,50.0
2025-04-14 22:20:00,18.8,95.0,0.0,800.0,50.0
2025-04-14 22:25:00,19.1,95.0,0.0,800.0,50.0
2025-04-14 22:30:00,18.5,95.0,0.0,800.0,50.0
2025-04-14 22:35:00,18.9,95.0,0.0,800.0,50.0
2025-04-14 22:40:00,18.8,95.0,0.0,800.0,50.0
2025-04-14 22:45:00,19.5,95.0,0.0,800.0,50.0
2025-04-14 22:50:00,19.4,95.0,0.0,800.0,50.0
2025-04-14 22:55:00,19.0,95.0,0.0,800.0,50.0
2025-04-14 23:00:00,18.3,95.0,0.0,800.0,50.0
2025-04-14 23:05:00,19.4,95.0,0.0,800.0,50.0
2025-04-14 23:10:00,18.2,95.0,0.0,800.0,50.0
2025-04-14 23:15:00,19.2,95.0,0.0,800.0,50.0
2025-04-14 23:20:00,18.7,95.0,0.0,800.0,50.0
2025-04-14 23:25:00,18.8,95.0,0.0,800.0,50.0
2025-04-14 23:30:00,18.8,95.0,0.0,800.0,50.0
2025-04-14 23:35:00,18.4,95.0,0.0,800.0,50.0
2025-04-14 23:40:00,18.6,95.0,0.0,800.0,50.0
2025-04-14 23:45:00,18.7,95.0,0.0,800.0,50.0
2025-04-14 23:50:00,19.0,95.0,0.0,800.0,50.0
2025-04-14 23:55:00,19.0,95.0,0.0,800.0,50.0
2025-04-15 00:00:00,18.9,95.0,0.0,800.0,50.0
2025-04-15 00:05:00,19.9,95.0,0.0,800.0,50.0
2025-04-15 00:10:00,18.6,95.0,0.0,800.0,50.0
2025-04-15 00:15:00,19.1,95.0,0.0,800.0,50.0
2025-04-15 00:20:00,19.3,95.0,0.0,800.0,50.0
2025-04-15 00:25:00,19.1,95.0,0.0,800.0,50.0
2025-04-15 00:30:00,19.3,95.0,0.0,800.0,50.0
2025-04-15 00:35:00,19.6,95.0,0.0,800.0,50.0
2025-04-15 00:40:00,19.6,95.0,0.0,800.0,50.0
2025-04-15 00:45:00,19.1,95.0,0.0,800.0,50.0
2025-04-15 00:50:00,19.3,95.0,0.0,800.0,50.0
2025-04-15 00:55:00,19.8,95.0,0.0,800.0,50.0
2025-04-15 01:00:00,19.1,95.0,0.0,800.0,50.0
2025-04-15 01:05:00,19.3,95.0,0.0,800.0,50.0
2025-04-15 01:10:00,19.7,94.6,0.0,800.0,50.0
2025-04-15 01:15:00,20.1,95.0,0.0,800.0,50.0
2025-04-15 01:20:00,20.3,95.0,0.0,800.0,50.0
2025-04-15 01:25:00,19.8,95.0,0.0,800.0,50.0
2025-04-15 01:30:00,19.9,93.0,0.0,800.0,50.0
2025-04-15 01:35:00,19.9,92.7,0.0,800.0,50.0
2025-04-15 01:40:00,20.1,91.1,0.0,800.0,50.0
2025-04-15 01:45:00,19.3,95.0,0.0,800.0,50.0
2025-04-15 01:50:00,19.8,92.8,0.0,800.0,50.0
2025-04-15 01:55:00,20.6,95.0,0.0,800.0,50.0
2025-04-15 02:00:00,20.6,93.8,0.0,800.0,50.0
2025-04-15 02:05:00,21.4,92.6,0.0,800.0,50.0
2025-04-15 02:10:00,21.1,93.4,0.0,800.0,50.0
2025-04-15 02:15:00,19.8,94.2,0.0,800.0,50.0
2025-04-15 02:20:00,20.7,90.8,0.0,800.0,50.0
2025-04-15 02:25:00,20.3,92.5,0.0,800.0,50.0
2025-04-15 02:30:00,20.8,87.2,0.0,800.0,50.0
2025-04-15 02:35:00,21.2,90.8,0.0,800.0,50.0
2025-04-15 02:40:00,20.3,93.4,0.0,800.0,50.0
2025-04-15 02:45:00,21.0,93.5,0.0,800.0,50.0
2025-04-15 02:50:00,21.2,90.7,0.0,800.0,50.0
2025-04-15 02:55:00,21.1,91.3,0.0,800.0,50.0
2025-04-15 03:00:00,21.1,88.3,0.0,800.0,50.0
2025-04-15 03:05:00,21.6,89.3,0.0,800.0,50.0
2025-04-15 03:10:00,21.5,91.4,0.0,800.0,50.0
2025-04-15 03:15:00,21.5,88.9,0.0,800.0,50.0
2025-04-15 03:20:00,21.4,89.3,0.0,800.0,50.0
2025-04-15 03:25:00,21.9,89.9,0.0,800.0,50.0
2025-04-15 03:30:00,21.6,86.7,0.0,800.0,50.0
2025-04-15 03:35:00,22.3,87.8,0.0,800.0,50.0
2025-04-15 03:40:00,21.7,89.5,0.0,800.0,50.0
2025-04-15 03:45:00,21.5,88.0,0.0,800.0,50.0
2025-04-15 03:50:00,21.7,89.8,0.0,800.0,50.0
2025-04-15 03:55:00,21.7,87.9,0.0,800.0,50.0
2025-04-15 04:00:00,22.4,84.4,0.0,800.0,50.0
2025-04-15 04:05:00,22.6,86.0,0.0,800.0,50.0
2025-04-15 04:10:00,22.3,82.7,0.0,800.0,50.0
2025-04-15 04:15:00,23.0,80.5,0.0,800.0,50.0
2025-04-15 04:20:00,22.6,89.6,0.0,800.0,50.0
2025-04-15 04:25:00,22.6,85.3,0.0,800.0,50.0
2025-04-15 04:30:00,22.9,83.6,0.0,800.0,50.0
2025-04-15 04:35:00,23.5,84.4,0.0,800.0,50.0
2025-04-15 04:40:00,23.2,85.7,0.0,800.0,50.0
2025-04-15 04:45:00,23.2,81.8,0.0,800.0,50.0
2025-04-15 04:50:00,23.6,78.6,0.0,800.0,50.0
2025-04-15 04:55:00,23.5,80.8,0.0,800.0,50.0
2025-04-15 05:00:00,23.6,84.9,0.0,800.0,50.0
2025-04-15 05:05:00,23.5,81.9,0.0,800.0,50.0
2025-04-15 05:10:00,24.3,79.1,0.0,800.0,50.0
2025-04-15 05:15:00,23.7,77.2,0.0,800.0,50.0
2025-04-15 05:20:00,24.0,74.7,0.0,800.0,50.0
2025-04-15 05:25:00,23.9,74.9,0.0,800.0,50.0
2025-04-15 05:30:00,24.9,78.6,0.0,800.0,50.0
2025-04-15 05:35:00,24.8,78.1,0.0,800.0,50.0
2025-04-15 05:40:00,24.7,79.4,0.0,800.0,50.0
2025-04-15 05:45:00,24.5,76.3,0.0,800.0,50.0
2025-04-15 05:50:00,25.1,73.0,0.0,800.0,50.0
2025-04-15 05:55:00,26.2,75.3,0.0,800.0,50.0
2025-04-15 06:00:00,25.1,77.3,152.6,800.0,50.0
2025-04-15 06:05:00,25.2,74.9,160.3,800.0,50.0
2025-04-15 06:10:00,25.0,76.4,147.0,800.0,50.0
2025-04-15 06:15:00,25.5,79.6,168.2,800.0,50.0
2025-04-15 06:20:00,25.8,75.6,169.1,800.0,50.0
2025-04-15 06:25:00,25.6,78.9,189.6,800.0,50.0
2025-04-15 06:30:00,25.0,76.7,212.4,800.0,50.0
2025-04-15 06:35:00,25.8,77.1,215.2,800.0,50.0
2025-04-15 06:40:00,25.0,78.5,209.4,800.0,50.0
2025-04-15 06:45:00,26.3,74.9,196.9,800.0,50.0
2025-04-15 06:50:00,26.1,75.3,202.5,800.0,50.0
2025-04-15 06:55:00,26.6,78.8,242.3,800.0,50.0
2025-04-15 07:00:00,26.0,87.1,232.3,800.0,50.0
2025-04-15 07:05:00,26.8,87.1,270.4,800.0,50.0
2025-04-15 07:10:00,26.6,87.9,265.3,800.0,50.0
2025-04-15 07:15:00,26.7,87.0,268.6,800.0,50.0
2025-04-15 07:20:00,26.5,87.9,286.5,800.0,50.0
2025-04-15 07:25:00,26.4,85.1,304.4,800.0,50.0
2025-04-15 07:30:00,26.7,85.3,308.8,800.0,50.0
2025-04-15 07:35:00,26.6,89.8,122.4,800.0,50.0
2025-04-15 07:40:00,27.2,86.6,107.2,800.0,50.0
2025-04-15 07:45:00,27.1,85.1,343.1,800.0,50.0
2025-04-15 07:50:00,27.7,86.2,330.6,800.0,50.0
2025-04-15 07:55:00,27.7,85.1,133.0,800.0,50.0
2025-04-15 08:00:00,27.3,82.9,363.8,800.0,50.0
2025-04-15 08:05:00,27.8,78.4,375.4,800.0,50.0
2025-04-15 08:10:00,26.8,79.2,386.1,800.0,50.0
2025-04-15 08:15:00,28.1,81.9,390.0,800.0,50.0
2025-04-15 08:20:00,27.9,82.2,416.4,800.0,50.0
2025-04-15 08:25:00,27.7,77.5,418.0,800.0,50.0
2025-04-15 08:30:00,28.4,79.7,407.0,800.0,50.0
2025-04-15 08:35:00,28.8,77.4,461.0,800.0,50.0
2025-04-15 08:40:00,28.7,73.6,481.6,800.0,50.0
2025-04-15 08:45:00,29.1,75.1,469.8,800.0,50.0
2025-04-15 08:50:00,28.6,75.9,157.9,800.0,50.0
2025-04-15 08:55:00,28.4,73.4,235.9,800.0,50.0
2025-04-15 09:00:00,29.2,63.0,15.8,800.0,50.0
2025-04-15 09:05:00,28.9,62.4,526.2,800.0,50.0
2025-04-15 09:10:00,28.9,61.8,532.0,800.0,50.0
2025-04-15 09:15:00,30.0,59.6,550.9,800.0,50.0
2025-04-15 09:20:00,28.9,61.1,62.9,800.0,50.0
2025-04-15 09:25:00,29.1,56.7,563.6,800.0,50.0
2025-04-15 09:30:00,30.4,57.8,124.5,800.0,50.0
2025-04-15 09:35:00,29.8,57.5,212.9,800.0,50.0
2025-04-15 09:40:00,29.5,55.9,633.2,800.0,50.0
2025-04-15 09:45:00,30.3,57.1,642.6,800.0,50.0
2025-04-15 09:50:00,30.3,58.7,633.1,800.0,50.0
2025-04-15 09:55:00,30.9,56.1,637.9,800.0,50.0
2025-04-15 10:00:00,29.8,62.1,662.8,800.0,50.0
2025-04-15 10:05:00,30.1,59.4,687.3,800.0,50.0
2025-04-15 10:10:00,30.3,62.0,157.6,800.0,50.0
2025-04-15 10:15:00,30.5,65.5,150.9,800.0,50.0
2025-04-15 10:20:00,30.8,56.4,690.6,800.0,50.0
2025-04-15 10:25:00,30.9,61.4,726.9,800.0,50.0
2025-04-15 10:30:00,31.2,59.9,691.4,800.0,50.0
2025-04-15 10:35:00,30.5,60.4,736.6,800.0,50.0
2025-04-15 10:40:00,31.1,62.6,164.6,800.0,50.0
2025-04-15 10:45:00,30.8,58.2,765.0,800.0,50.0
2025-04-15 10:50:00,30.9,60.0,771.6,800.0,50.0
2025-04-15 10:55:00,31.0,61.2,783.6,800.0,50.0
2025-04-15 11:00:00,30.0,61.7,774.6,800.0,50.0
2025-04-15 11:05:00,31.7,60.6,822.4,800.0,50.0
2025-04-15 11:10:00,31.5,58.2,272.7,800.0,50.0
2025-04-15 11:15:00,31.4,57.8,798.7,800.0,50.0
2025-04-15 11:20:00,31.3,59.1,233.7,800.0,50.0
2025-04-15 11:25:00,31.5,61.5,349.0,800.0,50.0
2025-04-15 11:30:00,32.0,64.6,825.6,800.0,50.0
2025-04-15 11:35:00,31.6,61.7,791.0,800.0,50.0
2025-04-15 11:40:00,31.7,56.7,821.0,800.0,50.0
2025-04-15 11:45:00,31.0,61.1,833.7,800.0,50.0
2025-04-15 11:50:00,31.1,61.0,856.3,800.0,50.0
2025-04-15 11:55:00,31.6,59.3,850.3,800.0,50.0
2025-04-15 12:00:00,31.5,60.8,829.0,800.0,50.0
2025-04-15 12:05:00,31.7,60.4,842.8,800.0,50.0
2025-04-15 12:10:00,31.6,62.9,848.0,800.0,50.0
2025-04-15 12:15:00,31.3,61.9,851.4,800.0,50.0
2025-04-15 12:20:00,31.6,62.6,862.3,800.0,50.0
2025-04-15 12:25:00,31.3,59.1,208.8,800.0,50.0
2025-04-15 12:30:00,30.6,62.2,830.8,800.0,50.0
2025-04-15 12:35:00,31.3,61.5,871.1,800.0,50.0
2025-04-15 12:40:00,31.1,60.1,857.9,800.0,50.0
2025-04-15 12:45:00,31.5,63.2,828.1,800.0,50.0
2025-04-15 12:50:00,31.9,63.4,860.6,800.0,50.0
2025-04-15 12:55:00,31.6,62.7,851.5,800.0,50.0
2025-04-15 13:00:00,31.3,64.5,831.9,800.0,50.0
2025-04-15 13:05:00,30.5,62.9,820.6,800.0,50.0
2025-04-15 13:10:00,30.7,65.4,857.7,800.0,50.0
2025-04-15 13:15:00,31.3,64.2,803.6,800.0,50.0
2025-04-15 13:20:00,31.1,64.0,826.4,800.0,50.0
2025-04-15 13:25:00,30.8,62.8,796.9,800.0,50.0
2025-04-15 13:30:00,30.0,62.7,807.3,800.0,50.0
2025-04-15 13:35:00,31.5,62.4,799.5,800.0,50.0
2025-04-15 13:40:00,30.8,63.0,786.6,800.0,50.0
2025-04-15 13:45:00,30.4,63.2,794.3,800.0,50.0
2025-04-15 13:50:00,30.4,65.0,781.7,800.0,50.0
2025-04-15 13:55:00,30.9,63.9,779.6,800.0,50.0
2025-04-15 14:00:00,29.0,68.6,783.1,800.0,50.0
2025-04-15 14:05:00,30.3,66.9,274.8,800.0,50.0
2025-04-15 14:10:00,29.5,65.9,735.3,800.0,50.0
2025-04-15 14:15:00,30.3,66.9,742.8,800.0,50.0
2025-04-15 14:20:00,29.9,67.3,244.4,800.0,50.0
2025-04-15 14:25:00,30.2,67.8,719.1,800.0,50.0
2025-04-15 14:30:00,29.8,69.4,705.1,800.0,50.0
2025-04-15 14:35:00,29.6,70.9,704.8,800.0,50.0
2025-04-15 14:40:00,29.2,66.9,702.3,800.0,50.0
2025-04-15 14:45:00,28.5,70.1,699.3,800.0,50.0
2025-04-15 14:50:00,29.1,66.8,691.9,800.0,50.0
2025-04-15 14:55:00,28.1,71.3,681.6,800.0,50.0
2025-04-15 15:00:00,28.4,72.8,650.3,800.0,50.0
2025-04-15 15:05:00,28.2,66.6,655.4,800.0,50.0
2025-04-15 15:10:00,28.9,70.7,616.3,800.0,50.0
2025-04-15 15:15:00,28.0,72.0,585.9,800.0,50.0
2025-04-15 15:20:00,28.0,70.7,593.8,800.0,50.0
2025-04-15 15:25:00,27.3,70.7,616.5,800.0,50.0
2025-04-15 15:30:00,27.3,73.6,557.3,800.0,50.0
2025-04-15 15:35:00,28.4,71.6,587.4,800.0,50.0
2025-04-15 15:40:00,28.3,75.5,570.3,800.0,50.0
2025-04-15 15:45:00,27.8,72.8,575.6,800.0,50.0
2025-04-15 15:50:00,27.3,73.0,141.4,800.0,50.0
2025-04-15 15:55:00,27.6,74.5,550.9,800.0,50.0
2025-04-15 16:00:00,26.8,86.4,512.3,800.0,50.0
2025-04-15 16:05:00,27.0,82.5,504.6,800.0,50.0
2025-04-15 16:10:00,26.6,86.4,480.6,800.0,50.0
2025-04-15 16:15:00,26.6,85.5,243.3,800.0,50.0
2025-04-15 16:20:00,26.5,86.7,461.0,800.0,50.0
2025-04-15 16:25:00,25.3,83.5,483.6,800.0,50.0
2025-04-15 16:30:00,25.4,86.0,456.0,800.0,50.0
2025-04-15 16:35:00,26.1,84.9,419.7,800.0,50.0
2025-04-15 16:40:00,25.0,84.8,432.5,800.0,50.0
2025-04-15 16:45:00,26.0,86.7,169.7,800.0,50.0
2025-04-15 16:50:00,24.8,85.9,407.0,800.0,50.0
2025-04-15 16:55:00,24.6,86.9,350.1,800.0,50.0
2025-04-15 17:00:00,25.0,86.1,372.0,800.0,50.0
2025-04-15 17:05:00,23.9,90.9,350.6,800.0,50.0
2025-04-15 17:10:00,24.9,88.6,357.9,800.0,50.0
2025-04-15 17:15:00,24.3,89.9,344.1,800.0,50.0
2025-04-15 17:20:00,23.9,90.1,342.9,800.0,50.0
2025-04-15 17:25:00,24.1,91.6,333.6,800.0,50.0
2025-04-15 17:30:00,23.2,90.6,295.4,800.0,50.0
2025-04-15 17:35:00,22.9,90.1,129.6,800.0,50.0
2025-04-15 17:40:00,22.2,92.9,296.1,800.0,50.0
2025-04-15 17:45:00,23.1,90.8,262.7,800.0,50.0
2025-04-15 17:50:00,22.7,92.2,23.1,800.0,50.0
2025-04-15 17:55:00,22.7,92.7,244.0,800.0,50.0
2025-04-15 18:00:00,22.0,89.3,275.8,800.0,50.0
2025-04-15 18:05:00,22.4,84.9,68.9,800.0,50.0
2025-04-15 18:10:00,21.8,82.4,231.3,800.0,50.0
2025-04-15 18:15:00,21.4,85.8,210.7,800.0,50.0
2025-04-15 18:20:00,21.7,88.0,47.9,800.0,50.0
2025-04-15 18:25:00,21.3,86.0,206.3,800.0,50.0
2025-04-15 18:30:00,20.8,91.4,115.5,800.0,50.0
2025-04-15 18:35:00,21.0,87.5,157.3,800.0,50.0
2025-04-15 18:40:00,21.3,87.9,184.2,800.0,50.0
2025-04-15 18:45:00,20.4,89.5,86.7,800.0,50.0
2025-04-15 18:50:00,20.5,85.5,167.0,800.0,50.0
2025-04-15 18:55:00,19.8,94.5,151.3,800.0,50.0
2025-04-15 19:00:00,21.4,89.6,53.0,800.0,50.0
2025-04-15 19:05:00,22.0,88.6,152.9,800.0,50.0
2025-04-15 19:10:00,20.9,88.7,50.7,800.0,50.0
2025-04-15 19:15:00,21.0,91.7,157.5,800.0,50.0
2025-04-15 19:20:00,22.0,89.6,143.7,800.0,50.0
2025-04-15 19:25:00,20.7,92.3,100.8,800.0,50.0
2025-04-15 19:30:00,21.6,92.4,128.6,800.0,50.0
2025-04-15 19:35:00,20.6,92.2,116.9,800.0,50.0
2025-04-15 19:40:00,20.7,95.0,131.2,800.0,50.0
2025-04-15 19:45:00,20.3,93.1,121.4,800.0,50.0
2025-04-15 19:50:00,19.5,95.0,29.4,800.0,50.0
2025-04-15 19:55:00,20.4,92.3,14.6,800.0,50.0
2025-04-15 20:00:00,20.3,94.9,72.7,800.0,50.0
2025-04-15 20:05:00,20.2,95.0,104.0,800.0,50.0
2025-04-15 20:10:00,20.1,95.0,63.3,800.0,50.0
2025-04-15 20:15:00,20.1,95.0,5.9,800.0,50.0
2025-04-15 20:20:00,20.0,94.8,57.2,800.0,50.0
2025-04-15 20:25:00,19.7,93.8,83.2,800.0,50.0
2025-04-15 20:30:00,20.1,95.0,42.3,800.0,50.0
2025-04-15 20:35:00,20.0,94.9,34.8,800.0,50.0
2025-04-15 20:40:00,19.3,95.0,13.9,800.0,50.0
2025-04-15 20:45:00,20.0,95.0,58.1,800.0,50.0
2025-04-15 20:50:00,19.5,95.0,0.0,800.0,50.0
2025-04-15 20:55:00,18.6,95.0,40.7,800.0,50.0
2025-04-15 21:00:00,20.0,95.0,0.0,800.0,50.0
2025-04-15 21:05:00,18.9,93.8,0.0,800.0,50.0
2025-04-15 21:10:00,19.6,95.0,0.0,800.0,50.0
2025-04-15 21:15:00,19.5,95.0,0.0,800.0,50.0
2025-04-15 21:20:00,19.2,95.0,0.0,800.0,50.0
2025-04-15 21:25:00,20.0,95.0,0.0,800.0,50.0
2025-04-15 21:30:00,20.0,95.0,0.0,800.0,50.0
2025-04-15 21:35:00,19.2,95.0,0.0,800.0,50.0
2025-04-15 21:40:00,17.8,95.0,0.0,800.0,50.0
2025-04-15 21:45:00,18.7,95.0,0.0,800.0,50.0
2025-04-15 21:50:00,18.8,95.0,0.0,800.0,50.0
2025-04-15 21:55:00,18.9,95.0,0.0,800.0,50.0
2025-04-15 22:00:00,18.7,95.0,0.0,800.0,50.0
2025-04-15 22:05:00,18.0,95.0,0.0,800.0,50.0
2025-04-15 22:10:00,18.5,95.0,0.0,800.0,50.0
2025-04-15 22:15:00,19.0,95.0,0.0,800.0,50.0
2025-04-15 22:20:00,18.7,95.0,0.0,800.0,50.0
2025-04-15 22:25:00,18.7,95.0,0.0,800.0,50.0
2025-04-15 22:30:00,18.8,95.0,0.0,800.0,50.0
2025-04-15 22:35:00,19.0,95.0,0.0,800.0,50.0
2025-04-15 22:40:00,18.8,95.0,0.0,800.0,50.0
2025-04-15 22:45:00,19.3,95.0,0.0,800.0,50.0
2025-04-15 22:50:00,18.6,95.0,0.0,800.0,50.0
2025-04-15 22:55:00,19.2,95.0,0.0,800.0,50.0
2025-04-15 23:00:00,18.8,95.0,0.0,800.0,50.0
2025-04-15 23:05:00,19.5,95.0,0.0,800.0,50.0
2025-04-15 23:10:00,18.8,95.0,0.0,800.0,50.0
2025-04-15 23:15:00,18.8,95.0,0.0,800.0,50.0
2025-04-15 23:20:00,19.1,95.0,0.0,800.0,50.0
2025-04-15 23:25:00,18.9,95.0,0.0,800.0,50.0
2025-04-15 23:30:00,19.0,95.0,0.0,800.0,50.0
2025-04-15 23:35:00,18.5,95.0,0.0,800.0,50.0
2025-04-15 23:40:00,19.0,95.0,0.0,800.0,50.0
2025-04-15 23:45:00,18.6,95.0,0.0,800.0,50.0
2025-04-15 23:50:00,18.5,95.0,0.0,800.0,50.0
2025-04-15 23:55:00,19.1,95.0,0.0,800.0,50.0
2025-04-16 00:00:00,19.1,95.0,0.0,800.0,50.0
2025-04-16 00:05:00,18.9,95.0,0.0,800.0,50.0
2025-04-16 00:10:00,18.9,95.0,0.0,800.0,50.0
2025-04-16 00:15:00,19.3,95.0,0.0,800.0,50.0
2025-04-16 00:20:00,18.4,95.0,0.0,800.0,50.0
2025-04-16 00:25:00,18.6,95.0,0.0,800.0,50.0
2025-04-16 00:30:00,18.7,95.0,0.0,800.0,50.0
2025-04-16 00:35:00,19.6,95.0,0.0,800.0,50.0
2025-04-16 00:40:00,18.9,95.0,0.0,800.0,50.0
2025-04-16 00:45:00,19.5,95.0,0.0,800.0,50.0
2025-04-16 00:50:00,19.4,95.0,0.0,800.0,50.0
2025-04-16 00:55:00,19.3,95.0,0.0,800.0,50.0
2025-04-16 01:00:00,19.0,95.0,0.0,800.0,50.0
2025-04-16 01:05:00,20.4,95.0,0.0,800.0,50.0
2025-04-16 01:10:00,20.3,95.0,0.0,800.0,50.0
2025-04-16 01:15:00,18.9,95.0,0.0,800.0,50.0
2025-04-16 01:20:00,19.4,93.0,0.0,800.0,50.0
2025-04-16 01:25:00,19.6,95.0,0.0,800.0,50.0
2025-04-16 01:30:00,19.6,95.0,0.0,800.0,50.0
2025-04-16 01:35:00,20.4,94.1,0.0,800.0,50.0
2025-04-16 01:40:00,20.2,91.9,0.0,800.0,50.0
2025-04-16 01:45:00,19.7,94.6,0.0,800.0,50.0
2025-04-16 01:50:00,20.6,92.9,0.0,800.0,50.0
2025-04-16 01:55:00,19.8,95.0,0.0,800.0,50.0
2025-04-16 02:00:00,20.4,92.1,0.0,800.0,50.0
2025-04-16 02:05:00,20.1,95.0,0.0,800.0,50.0
2025-04-16 02:10:00,20.0,94.2,0.0,800.0,50.0
2025-04-16 02:15:00,20.3,95.0,0.0,800.0,50.0
2025-04-16 02:20:00,20.8,94.6,0.0,800.0,50.0
2025-04-16 02:25:00,20.5,94.2,0.0,800.0,50.0
2025-04-16 02:30:00,21.1,93.2,0.0,800.0,50.0
2025-04-16 02:35:00,20.7,92.2,0.0,800.0,50.0
2025-04-16 02:40:00,20.2,95.0,0.0,800.0,50.0
2025-04-16 02:45:00,20.8,90.4,0.0,800.0,50.0
2025-04-16 02:50:00,20.6,92.1,0.0,800.0,50.0
2025-04-16 02:55:00,21.4,89.8,0.0,800.0,50.0
2025-04-16 03:00:00,20.4,88.6,0.0,800.0,50.0
2025-04-16 03:05:00,21.6,90.1,0.0,800.0,50.0
2025-04-16 03:10:00,21.5,88.4,0.0,800.0,50.0
2025-04-16 03:15:00,21.0,90.8,0.0,800.0,50.0
2025-04-16 03:20:00,21.1,88.0,0.0,800.0,50.0
2025-04-16 03:25:00,21.4,90.0,0.0,800.0,50.0
2025-04-16 03:30:00,22.1,86.9,0.0,800.0,50.0
2025-04-16 03:35:00,22.3,84.3,0.0,800.0,50.0
2025-04-16 03:40:00,22.1,84.7,0.0,800.0,50.0
2025-04-16 03:45:00,22.6,87.2,0.0,800.0,50.0
2025-04-16 03:50:00,22.6,84.9,0.0,800.0,50.0
2025-04-16 03:55:00,22.7,83.4,0.0,800.0,50.0
2025-04-16 04:00:00,22.1,84.8,0.0,800.0,50.0
2025-04-16 04:05:00,22.2,86.2,0.0,800.0,50.0
2025-04-16 04:10:00,22.5,82.2,0.0,800.0,50.0
2025-04-16 04:15:00,22.3,85.3,0.0,800.0,50.0
2025-04-16 04:20:00,21.9,81.5,0.0,800.0,50.0
2025-04-16 04:25:00,23.6,82.4,0.0,800.0,50.0
2025-04-16 04:30:00,23.4,83.5,0.0,800.0,50.0
2025-04-16 04:35:00,23.2,78.9,0.0,800.0,50.0
2025-04-16 04:40:00,22.8,79.1,0.0,800.0,50.0
2025-04-16 04:45:00,23.7,82.6,0.0,800.0,50.0
2025-04-16 04:50:00,23.2,80.7,0.0,800.0,50.0
2025-04-16 04:55:00,23.7,80.6,0.0,800.0,50.0
2025-04-16 05:00:00,23.5,83.3,0.0,800.0,50.0
2025-04-16 05:05:00,24.2,79.7,0.0,800.0,50.0
2025-04-16 05:10:00,23.8,77.5,0.0,800.0,50.0
2025-04-16 05:15:00,24.3,77.7,0.0,800.0,50.0
2025-04-16 05:20:00,24.3,74.5,0.0,800.0,50.0
2025-04-16 05:25:00,24.1,77.6,0.0,800.0,50.0
2025-04-16 05:30:00,24.8,75.5,0.0,800.0,50.0
2025-04-16 05:35:00,24.0,77.8,0.0,800.0,50.0
2025-04-16 05:40:00,24.6,73.1,0.0,800.0,50.0
2025-04-16 05:45:00,24.1,74.8,0.0,800.0,50.0
2025-04-16 05:50:00,24.8,78.4,0.0,800.0,50.0
2025-04-16 05:55:00,24.6,76.3,0.0,800.0,50.0
2025-04-16 06:00:00,24.3,75.5,161.9,800.0,50.0
2025-04-16 06:05:00,25.5,77.8,143.0,800.0,50.0
2025-04-16 06:10:00,24.9,76.1,129.5,800.0,50.0
2025-04-16 06:15:00,25.5,75.3,164.1,800.0,50.0
2025-04-16 06:20:00,25.5,75.1,160.2,800.0,50.0
2025-04-16 06:25:00,24.8,73.9,56.1,800.0,50.0
2025-04-16 06:30:00,26.0,76.7,53.6,800.0,50.0
2025-04-16 06:35:00,25.6,77.7,91.8,800.0,50.0
2025-04-16 06:40:00,26.7,78.2,203.5,800.0,50.0
2025-04-16 06:45:00,26.2,76.6,212.4,800.0,50.0
2025-04-16 06:50:00,26.2,80.2,238.6,800.0,50.0
2025-04-16 06:55:00,26.7,78.0,237.6,800.0,50.0
2025-04-16 07:00:00,25.8,89.8,218.9,800.0,50.0
2025-04-16 07:05:00,26.9,85.3,231.8,800.0,50.0
2025-04-16 07:10:00,25.8,85.8,254.9,800.0,50.0
2025-04-16 07:15:00,26.6,88.3,271.5,800.0,50.0
2025-04-16 07:20:00,26.8,86.1,109.2,800.0,50.0
2025-04-16 07:25:00,26.4,89.0,298.9,800.0,50.0
2025-04-16 07:30:00,26.3,81.9,28.0,800.0,50.0
2025-04-16 07:35:00,27.0,86.0,125.6,800.0,50.0
2025-04-16 07:40:00,26.9,82.4,310.0,800.0,50.0
2025-04-16 07:45:00,27.0,82.9,347.3,800.0,50.0
2025-04-16 07:50:00,26.1,81.5,360.2,800.0,50.0
2025-04-16 07:55:00,27.1,83.5,355.2,800.0,50.0
2025-04-16 08:00:00,27.9,84.0,385.8,800.0,50.0
2025-04-16 08:05:00,27.7,79.8,408.9,800.0,50.0
2025-04-16 08:10:00,27.9,82.1,403.2,800.0,50.0
2025-04-16 08:15:00,27.7,78.1,411.3,800.0,50.0
2025-04-16 08:20:00,27.6,81.2,433.4,800.0,50.0
2025-04-16 08:25:00,28.1,78.1,427.7,800.0,50.0
2025-04-16 08:30:00,28.6,76.1,452.7,800.0,50.0
2025-04-16 08:35:00,28.5,80.3,450.5,800.0,50.0
2025-04-16 08:40:00,28.5,80.1,450.9,800.0,50.0
2025-04-16 08:45:00,29.0,79.2,473.9,800.0,50.0
2025-04-16 08:50:00,29.0,78.5,480.5,800.0,50.0
2025-04-16 08:55:00,28.9,74.5,516.9,800.0,50.0
2025-04-16 09:00:00,29.2,63.6,521.2,800.0,50.0
2025-04-16 09:05:00,28.9,61.4,542.0,800.0,50.0
2025-04-16 09:10:00,29.0,60.6,562.7,800.0,50.0
2025-04-16 09:15:00,29.6,61.2,536.2,800.0,50.0
2025-04-16 09:20:00,29.7,61.3,566.9,800.0,50.0
2025-04-16 09:25:00,29.5,57.6,546.4,800.0,50.0
2025-04-16 09:30:00,28.9,55.6,575.9,800.0,50.0
2025-04-16 09:35:00,29.8,56.9,151.3,800.0,50.0
2025-04-16 09:40:00,30.7,60.9,296.4,800.0,50.0
2025-04-16 09:45:00,29.8,58.4,119.0,800.0,50.0
2025-04-16 09:50:00,29.7,54.2,611.2,800.0,50.0
2025-04-16 09:55:00,30.4,53.9,634.3,800.0,50.0
2025-04-16 10:00:00,30.7,61.9,634.5,800.0,50.0
2025-04-16 10:05:00,31.0,61.7,655.5,800.0,50.0
2025-04-16 10:10:00,31.3,60.0,651.4,800.0,50.0
2025-04-16 10:15:00,30.1,55.8,692.5,800.0,50.0
2025-04-16 10:20:00,30.9,59.9,718.4,800.0,50.0
2025-04-16 10:25:00,30.4,59.7,710.1,800.0,50.0
2025-04-16 10:30:00,30.5,62.6,740.6,800.0,50.0
2025-04-16 10:35:00,31.3,59.8,180.3,800.0,50.0
2025-04-16 10:40:00,31.7,59.0,177.9,800.0,50.0
2025-04-16 10:45:00,31.5,61.7,759.1,800.0,50.0
2025-04-16 10:50:00,30.9,63.7,738.4,800.0,50.0
2025-04-16 10:55:00,31.3,62.1,750.8,800.0,50.0
2025-04-16 11:00:00,30.9,57.1,787.3,800.0,50.0
2025-04-16 11:05:00,31.1,58.7,85.1,800.0,50.0
2025-04-16 11:10:00,31.0,61.0,812.3,800.0,50.0
2025-04-16 11:15:00,30.9,58.6,786.0,800.0,50.0
2025-04-16 11:20:00,32.0,60.8,795.4,800.0,50.0
2025-04-16 11:25:00,32.2,60.7,823.0,800.0,50.0
2025-04-16 11:30:00,31.7,56.6,837.8,800.0,50.0
2025-04-16 11:35:00,31.6,58.5,261.7,800.0,50.0
2025-04-16 11:40:00,31.0,62.7,812.2,800.0,50.0
2025-04-16 11:45:00,32.0,62.3,838.1,800.0,50.0
2025-04-16 11:50:00,31.5,57.9,845.2,800.0,50.0
2025-04-16 11:55:00,31.8,59.2,829.4,800.0,50.0
2025-04-16 12:00:00,31.1,63.0,312.5,800.0,50.0
2025-04-16 12:05:00,31.3,59.9,831.3,800.0,50.0
2025-04-16 12:10:00,31.5,60.9,172.3,800.0,50.0
2025-04-16 12:15:00,31.6,59.0,850.3,800.0,50.0
2025-04-16 12:20:00,31.3,65.2,864.7,800.0,50.0
2025-04-16 12:25:00,31.1,59.8,824.8,800.0,50.0
2025-04-16 12:30:00,32.0,62.0,836.7,800.0,50.0
2025-04-16 12:35:00,31.4,59.7,856.0,800.0,50.0
2025-04-16 12:40:00,31.8,63.0,835.6,800.0,50.0
2025-04-16 12:45:00,31.4,61.3,846.0,800.0,50.0
2025-04-16 12:50:00,31.2,60.5,837.1,800.0,50.0
2025-04-16 12:55:00,31.2,58.2,831.7,800.0,50.0
2025-04-16 13:00:00,31.3,64.7,413.1,800.0,50.0
2025-04-16 13:05:00,30.8,60.6,383.1,800.0,50.0
2025-04-16 13:10:00,31.7,61.2,832.3,800.0,50.0
2025-04-16 13:15:00,31.7,61.6,809.9,800.0,50.0
2025-04-16 13:20:00,30.3,63.3,819.1,800.0,50.0
2025-04-16 13:25:00,30.6,65.9,831.9,800.0,50.0
2025-04-16 13:30:00,30.4,62.0,832.2,800.0,50.0
2025-04-16 13:35:00,30.9,59.8,810.5,800.0,50.0
2025-04-16 13:40:00,30.7,64.5,796.5,800.0,50.0
2025-04-16 13:45:00,30.0,69.4,810.4,800.0,50.0
2025-04-16 13:50:00,30.6,66.6,797.0,800.0,50.0
2025-04-16 13:55:00,30.5,63.7,769.4,800.0,50.0
2025-04-16 14:00:00,30.3,64.7,222.0,800.0,50.0
2025-04-16 14:05:00,30.0,64.3,759.8,800.0,50.0
2025-04-16 14:10:00,29.5,64.0,778.9,800.0,50.0
2025-04-16 14:15:00,30.2,67.8,752.4,800.0,50.0
2025-04-16 14:20:00,30.5,69.1,741.7,800.0,50.0
2025-04-16 14:25:00,29.9,70.2,722.3,800.0,50.0
2025-04-16 14:30:00,29.2,68.9,718.5,800.0,50.0
2025-04-16 14:35:00,28.8,68.7,698.2,800.0,50.0
2025-04-16 14:40:00,29.7,67.6,298.1,800.0,50.0
2025-04-16 14:45:00,29.2,67.7,315.2,800.0,50.0
2025-04-16 14:50:00,28.8,71.2,688.4,800.0,50.0
2025-04-16 14:55:00,28.9,70.8,662.5,800.0,50.0
2025-04-16 15:00:00,28.8,71.0,207.5,800.0,50.0
2025-04-16 15:05:00,28.9,73.4,622.9,800.0,50.0
2025-04-16 15:10:00,28.1,70.1,647.5,800.0,50.0
2025-04-16 15:15:00,28.6,69.2,657.3,800.0,50.0
2025-04-16 15:20:00,27.7,71.1,624.6,800.0,50.0
2025-04-16 15:25:00,27.6,71.1,587.6,800.0,50.0
2025-04-16 15:30:00,27.7,69.6,183.2,800.0,50.0
2025-04-16 15:35:00,27.8,72.3,580.4,800.0,50.0
2025-04-16 15:40:00,27.4,77.3,568.2,800.0,50.0
2025-04-16 15:45:00,27.2,71.6,557.0,800.0,50.0
2025-04-16 15:50:00,27.3,76.6,136.2,800.0,50.0
2025-04-16 15:55:00,26.4,74.0,545.5,800.0,50.0
2025-04-16 16:00:00,26.9,84.5,525.5,800.0,50.0
2025-04-16 16:05:00,26.1,79.5,524.0,800.0,50.0
2025-04-16 16:10:00,26.6,84.7,470.9,800.0,50.0
2025-04-16 16:15:00,26.3,86.2,467.8,800.0,50.0
2025-04-16 16:20:00,27.1,84.8,472.4,800.0,50.0
2025-04-16 16:25:00,25.7,87.7,443.0,800.0,50.0
2025-04-16 16:30:00,26.3,86.6,429.4,800.0,50.0
2025-04-16 16:35:00,25.7,88.1,396.6,800.0,50.0
2025-04-16 16:40:00,25.3,88.5,397.7,800.0,50.0
2025-04-16 16:45:00,25.1,85.6,403.6,800.0,50.0
2025-04-16 16:50:00,25.3,87.0,392.1,800.0,50.0
2025-04-16 16:55:00,25.0,87.7,362.7,800.0,50.0
2025-04-16 17:00:00,23.9,87.0,353.3,800.0,50.0
2025-04-16 17:05:00,24.6,87.8,369.6,800.0,50.0
2025-04-16 17:10:00,25.3,88.8,343.4,800.0,50.0
2025-04-16 17:15:00,25.0,91.6,150.3,800.0,50.0
2025-04-16 17:20:00,24.0,92.1,330.8,800.0,50.0
2025-04-16 17:25:00,23.4,91.1,319.7,800.0,50.0
2025-04-16 17:30:00,23.3,91.2,318.8,800.0,50.0
2025-04-16 17:35:00,23.8,91.2,101.3,800.0,50.0
2025-04-16 17:40:00,23.4,90.1,102.9,800.0,50.0
2025-04-16 17:45:00,23.8,91.1,264.0,800.0,50.0
2025-04-16 17:50:00,22.6,93.0,255.8,800.0,50.0
2025-04-16 17:55:00,22.9,94.6,274.9,800.0,50.0
2025-04-16 18:00:00,22.3,84.4,265.3,800.0,50.0
2025-04-16 18:05:00,22.1,86.2,27.2,800.0,50.0
2025-04-16 18:10:00,21.7,87.9,215.1,800.0,50.0
2025-04-16 18:15:00,22.0,83.7,237.4,800.0,50.0
2025-04-16 18:20:00,21.6,87.6,224.1,800.0,50.0
2025-04-16 18:25:00,21.6,88.2,184.1,800.0,50.0
2025-04-16 18:30:00,21.6,90.4,192.3,800.0,50.0
2025-04-16 18:35:00,21.5,89.1,167.7,800.0,50.0
2025-04-16 18:40:00,20.8,82.8,172.0,800.0,50.0
2025-04-16 18:45:00,21.0,89.7,176.0,800.0,50.0
2025-04-16 18:50:00,21.1,91.2,197.0,800.0,50.0
2025-04-16 18:55:00,20.9,92.2,157.2,800.0,50.0
2025-04-16 19:00:00,21.4,90.8,168.3,800.0,50.0
2025-04-16 19:05:00,21.0,87.1,144.0,800.0,50.0
2025-04-16 19:10:00,21.3,89.1,148.8,800.0,50.0
2025-04-16 19:15:00,21.3,93.3,138.2,800.0,50.0
2025-04-16 19:20:00,21.1,91.7,70.8,800.0,50.0
2025-04-16 19:25:00,19.9,92.0,104.9,800.0,50.0
2025-04-16 19:30:00,20.7,92.7,132.5,800.0,50.0
2025-04-16 19:35:00,20.6,92.6,87.1,800.0,50.0
2025-04-16 19:40:00,20.6,93.5,112.8,800.0,50.0
2025-04-16 19:45:00,20.2,91.6,17.6,800.0,50.0
2025-04-16 19:50:00,20.1,94.4,105.6,800.0,50.0
2025-04-16 19:55:00,19.5,95.0,107.2,800.0,50.0
2025-04-16 20:00:00,19.3,92.5,67.7,800.0,50.0
2025-04-16 20:05:00,19.9,92.9,101.0,800.0,50.0
2025-04-16 20:10:00,20.6,92.7,35.5,800.0,50.0
2025-04-16 20:15:00,19.8,95.0,80.8,800.0,50.0
2025-04-16 20:20:00,20.1,95.0,12.0,800.0,50.0
2025-04-16 20:25:00,19.8,95.0,66.0,800.0,50.0
2025-04-16 20:30:00,20.1,95.0,60.6,800.0,50.0
2025-04-16 20:35:00,20.2,95.0,55.7,800.0,50.0
2025-04-16 20:40:00,18.9,95.0,39.8,800.0,50.0
2025-04-16 20:45:00,19.5,93.0,28.6,800.0,50.0
2025-04-16 20:50:00,19.3,95.0,76.5,800.0,50.0
2025-04-16 20:55:00,19.9,93.4,35.7,800.0,50.0
2025-04-16 21:00:00,19.7,95.0,0.0,800.0,50.0
2025-04-16 21:05:00,19.9,95.0,0.0,800.0,50.0
2025-04-16 21:10:00,19.5,95.0,0.0,800.0,50.0
2025-04-16 21:15:00,19.6,95.0,0.0,800.0,50.0
2025-04-16 21:20:00,18.6,95.0,0.0,800.0,50.0
2025-04-16 21:25:00,18.9,95.0,0.0,800.0,50.0
2025-04-16 21:30:00,19.4,95.0,0.0,800.0,50.0
2025-04-16 21:35:00,19.1,95.0,0.0,800.0,50.0
2025-04-16 21:40:00,19.3,95.0,0.0,800.0,50.0
2025-04-16 21:45:00,18.7,95.0,0.0,800.0,50.0
2025-04-16 21:50:00,19.8,95.0,0.0,800.0,50.0
2025-04-16 21:55:00,19.3,95.0,0.0,800.0,50.0
2025-04-16 22:00:00,19.7,95.0,0.0,800.0,50.0
2025-04-16 22:05:00,18.9,95.0,0.0,800.0,50.0
2025-04-16 22:10:00,18.8,95.0,0.0,800.0,50.0
2025-04-16 22:15:00,18.3,95.0,0.0,800.0,50.0
2025-04-16 22:20:00,19.1,95.0,0.0,800.0,50.0
2025-04-16 22:25:00,18.9,95.0,0.0,800.0,50.0
2025-04-16 22:30:00,18.8,95.0,0.0,800.0,50.0
2025-04-16 22:35:00,18.7,95.0,0.0,800.0,50.0
2025-04-16 22:40:00,18.6,95.0,0.0,800.0,50.0
2025-04-16 22:45:00,18.9,95.0,0.0,800.0,50.0
2025-04-16 22:50:00,19.4,95.0,0.0,800.0,50.0
2025-04-16 22:55:00,19.1,95.0,0.0,800.0,50.0
2025-04-16 23:00:00,18.1,95.0,0.0,800.0,50.0
2025-04-16 23:05:00,18.8,95.0,0.0,800.0,50.0
2025-04-16 23:10:00,19.0,95.0,0.0,800.0,50.0
2025-04-16 23:15:00,19.6,95.0,0.0,800.0,50.0
2025-04-16 23:20:00,19.0,95.0,0.0,800.0,50.0
2025-04-16 23:25:00,18.9,95.0,0.0,800.0,50.0
2025-04-16 23:30:00,18.0,95.0,0.0,800.0,50.0
2025-04-16 23:35:00,18.6,95.0,0.0,800.0,50.0
2025-04-16 23:40:00,18.2,95.0,0.0,800.0,50.0
2025-04-16 23:45:00,18.6,95.0,0.0,800.0,50.0
2025-04-16 23:50:00,19.1,95.0,0.0,800.0,50.0
2025-04-16 23:55:00,18.7,95.0,0.0,800.0,50.0
2025-04-17 00:00:00,18.9,95.0,0.0,800.0,50.0
2025-04-17 00:05:00,19.6,95.0,0.0,800.0,50.0
2025-04-17 00:10:00,19.8,95.0,0.0,800.0,50.0
2025-04-17 00:15:00,19.5,95.0,0.0,800.0,50.0
2025-04-17 00:20:00,18.8,95.0,0.0,800.0,50.0
2025-04-17 00:25:00,19.2,95.0,0.0,800.0,50.0
2025-04-17 00:30:00,19.1,95.0,0.0,800.0,50.0
2025-04-17 00:35:00,19.2,91.9,0.0,800.0,50.0
2025-04-17 00:40:00,18.6,95.0,0.0,800.0,50.0
2025-04-17 00:45:00,19.8,95.0,0.0,800.0,50.0
2025-04-17 00:50:00,19.0,95.0,0.0,800.0,50.0
2025-04-17 00:55:00,18.6,95.0,0.0,800.0,50.0
2025-04-17 01:00:00,19.8,95.0,0.0,800.0,50.0
2025-04-17 01:05:00,19.4,95.0,0.0,800.0,50.0
2025-04-17 01:10:00,20.1,95.0,0.0,800.0,50.0
2025-04-17 01:15:00,19.7,95.0,0.0,800.0,50.0
2025-04-17 01:20:00,19.7,93.1,0.0,800.0,50.0
2025-04-17 01:25:00,20.4,95.0,0.0,800.0,50.0
2025-04-17 01:30:00,19.0,95.0,0.0,800.0,50.0
2025-04-17 01:35:00,19.9,95.0,0.0,800.0,50.0
2025-04-17 01:40:00,20.0,95.0,0.0,800.0,50.0
2025-04-17 01:45:00,20.2,94.1,0.0,800.0,50.0
2025-04-17 01:50:00,20.7,93.2,0.0,800.0,50.0
2025-04-17 01:55:00,20.0,94.4,0.0,800.0,50.0
2025-04-17 02:00:00,19.8,95.0,0.0,800.0,50.0
2025-04-17 02:05:00,20.4,95.0,0.0,800.0,50.0
2025-04-17 02:10:00,20.1,94.9,0.0,800.0,50.0
2025-04-17 02:15:00,20.9,95.0,0.0,800.0,50.0
2025-04-17 02:20:00,21.4,91.7,0.0,800.0,50.0
2025-04-17 02:25:00,20.6,90.8,0.0,800.0,50.0
2025-04-17 02:30:00,20.8,93.5,0.0,800.0,50.0
2025-04-17 02:35:00,21.1,95.0,0.0,800.0,50.0
2025-04-17 02:40:00,21.2,91.5,0.0,800.0,50.0
2025-04-17 02:45:00,20.6,92.8,0.0,800.0,50.0
2025-04-17 02:50:00,21.1,92.5,0.0,800.0,50.0
2025-04-17 02:55:00,21.1,92.8,0.0,800.0,50.0
2025-04-17 03:00:00,21.5,92.0,0.0,800.0,50.0
2025-04-17 03:05:00,21.6,87.8,0.0,800.0,50.0
2025-04-17 03:10:00,21.4,86.7,0.0,800.0,50.0
2025-04-17 03:15:00,21.7,85.9,0.0,800.0,50.0
2025-04-17 03:20:00,21.9,81.2,0.0,800.0,50.0
2025-04-17 03:25:00,22.2,85.8,0.0,800.0,50.0
2025-04-17 03:30:00,21.6,90.4,0.0,800.0,50.0
2025-04-17 03:35:00,22.2,88.9,0.0,800.0,50.0
2025-04-17 03:40:00,21.7,88.8,0.0,800.0,50.0
2025-04-17 03:45:00,22.2,86.7,0.0,800.0,50.0
2025-04-17 03:50:00,22.9,83.7,0.0,800.0,50.0
2025-04-17 03:55:00,22.8,86.4,0.0,800.0,50.0
2025-04-17 04:00:00,22.5,83.0,0.0,800.0,50.0
2025-04-17 04:05:00,22.6,83.1,0.0,800.0,50.0
2025-04-17 04:10:00,23.2,84.5,0.0,800.0,50.0
2025-04-17 04:15:00,22.6,81.0,0.0,800.0,50.0
2025-04-17 04:20:00,22.8,85.9,0.0,800.0,50.0
2025-04-17 04:25:00,23.1,82.7,0.0,800.0,50.0
2025-04-17 04:30:00,23.9,81.8,0.0,800.0,50.0
2025-04-17 04:35:00,23.0,83.0,0.0,800.0,50.0
2025-04-17 04:40:00,23.6,80.6,0.0,800.0,50.0
2025-04-17 04:45:00,23.2,84.2,0.0,800.0,50.0
2025-04-17 04:50:00,23.5,78.0,0.0,800.0,50.0
2025-04-17 04:55:00,23.8,82.2,0.0,800.0,50.0
2025-04-17 05:00:00,23.8,81.1,0.0,800.0,50.0
2025-04-17 05:05:00,23.5,80.8,0.0,800.0,50.0
2025-04-17 05:10:00,23.7,79.7,0.0,800.0,50.0
2025-04-17 05:15:00,24.5,78.9,0.0,800.0,50.0
2025-04-17 05:20:00,23.8,75.9,0.0,800.0,50.0
2025-04-17 05:25:00,25.0,76.3,0.0,800.0,50.0
2025-04-17 05:30:00,24.8,77.6,0.0,800.0,50.0
2025-04-17 05:35:00,24.2,75.9,0.0,800.0,50.0
2025-04-17 05:40:00,25.4,83.5,0.0,800.0,50.0
2025-04-17 05:45:00,24.7,75.3,0.0,800.0,50.0
2025-04-17 05:50:00,24.3,72.4,0.0,800.0,50.0
2025-04-17 05:55:00,24.7,74.4,0.0,800.0,50.0
2025-04-17 06:00:00,25.1,76.2,144.0,800.0,50.0
2025-04-17 06:05:00,25.3,77.2,164.2,800.0,50.0
2025-04-17 06:10:00,25.1,75.2,15.5,800.0,50.0
2025-04-17 06:15:00,25.0,71.7,162.5,800.0,50.0
2025-04-17 06:20:00,26.3,74.0,180.3,800.0,50.0
2025-04-17 06:25:00,26.1,74.7,197.9,800.0,50.0
2025-04-17 06:30:00,25.8,77.6,99.6,800.0,50.0
2025-04-17 06:35:00,26.2,75.8,196.4,800.0,50.0
2025-04-17 06:40:00,26.3,74.2,216.5,800.0,50.0
2025-04-17 06:45:00,25.8,73.4,236.1,800.0,50.0
2025-04-17 06:50:00,25.8,74.2,113.1,800.0,50.0
2025-04-17 06:55:00,27.2,78.5,204.5,800.0,50.0
2025-04-17 07:00:00,26.1,82.6,250.7,800.0,50.0
2025-04-17 07:05:00,25.9,86.4,54.3,800.0,50.0
2025-04-17 07:10:00,26.8,87.1,276.5,800.0,50.0
2025-04-17 07:15:00,26.1,89.6,254.7,800.0,50.0
2025-04-17 07:20:00,26.1,87.9,147.5,800.0,50.0
2025-04-17 07:25:00,27.3,84.1,66.3,800.0,50.0
2025-04-17 07:30:00,26.9,87.5,301.6,800.0,50.0
2025-04-17 07:35:00,26.8,83.6,51.8,800.0,50.0
2025-04-17 07:40:00,26.8,89.2,331.0,800.0,50.0
2025-04-17 07:45:00,27.0,83.2,335.8,800.0,50.0
2025-04-17 07:50:00,27.4,84.5,329.5,800.0,50.0
2025-04-17 07:55:00,27.2,84.2,104.9,800.0,50.0
2025-04-17 08:00:00,27.9,83.1,376.5,800.0,50.0
2025-04-17 08:05:00,28.1,83.3,368.3,800.0,50.0
2025-04-17 08:10:00,27.7,82.0,387.0,800.0,50.0
2025-04-17 08:15:00,27.5,78.1,97.9,800.0,50.0
2025-04-17 08:20:00,28.6,79.0,417.9,800.0,50.0
2025-04-17 08:25:00,28.2,80.5,449.9,800.0,50.0
2025-04-17 08:30:00,27.8,78.2,462.0,800.0,50.0
2025-04-17 08:35:00,27.8,76.4,447.1,800.0,50.0
2025-04-17 08:40:00,28.2,75.3,446.9,800.0,50.0
2025-04-17 08:45:00,28.7,73.8,131.6,800.0,50.0
2025-04-17 08:50:00,29.5,75.5,474.0,800.0,50.0
2025-04-17 08:55:00,29.0,78.0,512.8,800.0,50.0
2025-04-17 09:00:00,29.6,63.6,509.6,800.0,50.0
2025-04-17 09:05:00,28.5,61.0,513.3,800.0,50.0
2025-04-17 09:10:00,29.3,58.9,535.9,800.0,50.0
2025-04-17 09:15:00,29.4,62.4,562.7,800.0,50.0
2025-04-17 09:20:00,29.4,56.3,566.2,800.0,50.0
2025-04-17 09:25:00,30.0,58.1,568.6,800.0,50.0
2025-04-17 09:30:00,29.9,58.4,603.1,800.0,50.0
2025-04-17 09:35:00,30.2,54.2,610.6,800.0,50.0
2025-04-17 09:40:00,30.4,57.8,619.9,800.0,50.0
2025-04-17 09:45:00,30.3,60.8,623.1,800.0,50.0
2025-04-17 09:50:00,30.4,56.0,641.3,800.0,50.0
2025-04-17 09:55:00,31.0,52.5,640.0,800.0,50.0
2025-04-17 10:00:00,30.9,61.4,648.7,800.0,50.0
2025-04-17 10:05:00,30.1,61.2,329.9,800.0,50.0
2025-04-17 10:10:00,30.8,60.4,668.8,800.0,50.0
2025-04-17 10:15:00,30.7,59.4,687.5,800.0,50.0
2025-04-17 10:20:00,31.1,60.7,701.9,800.0,50.0
2025-04-17 10:25:00,31.1,62.3,740.2,800.0,50.0
2025-04-17 10:30:00,31.1,62.2,712.9,800.0,50.0
2025-04-17 10:35:00,31.2,57.9,740.1,800.0,50.0
2025-04-17 10:40:00,31.0,58.6,748.2,800.0,50.0
2025-04-17 10:45:00,31.4,59.4,102.7,800.0,50.0
2025-04-17 10:50:00,31.4,61.4,741.7,800.0,50.0
2025-04-17 10:55:00,30.6,58.6,320.3,800.0,50.0
2025-04-17 11:00:00,31.8,58.2,798.1,800.0,50.0
2025-04-17 11:05:00,31.4,56.7,792.6,800.0,50.0
2025-04-17 11:10:00,31.3,60.1,806.7,800.0,50.0
2025-04-17 11:15:00,31.5,59.8,812.5,800.0,50.0
2025-04-17 11:20:00,30.9,55.7,798.3,800.0,50.0
2025-04-17 11:25:00,31.6,62.8,817.0,800.0,50.0
2025-04-17 11:30:00,31.0,57.2,858.0,800.0,50.0
2025-04-17 11:35:00,31.5,62.1,832.3,800.0,50.0
2025-04-17 11:40:00,31.3,58.8,838.6,800.0,50.0
2025-04-17 11:45:00,30.8,60.4,820.6,800.0,50.0
2025-04-17 11:50:00,30.6,62.6,842.5,800.0,50.0
2025-04-17 11:55:00,31.6,62.7,251.0,800.0,50.0
2025-04-17 12:00:00,31.4,60.6,863.2,800.0,50.0
2025-04-17 12:05:00,31.1,59.6,815.3,800.0,50.0
2025-04-17 12:10:00,31.4,63.9,325.5,800.0,50.0
2025-04-17 12:15:00,31.9,58.7,852.1,800.0,50.0
2025-04-17 12:20:00,31.3,58.2,828.3,800.0,50.0
2025-04-17 12:25:00,31.5,59.9,828.1,800.0,50.0
2025-04-17 12:30:00,30.6,59.2,847.2,800.0,50.0
2025-04-17 12:35:00,31.4,61.2,839.8,800.0,50.0
2025-04-17 12:40:00,31.7,64.9,858.2,800.0,50.0
2025-04-17 12:45:00,31.2,58.9,823.8,800.0,50.0
2025-04-17 12:50:00,31.1,60.5,840.5,800.0,50.0
2025-04-17 12:55:00,31.6,63.1,831.0,800.0,50.0
2025-04-17 13:00:00,30.9,60.8,842.1,800.0,50.0
2025-04-17 13:05:00,30.6,61.2,813.4,800.0,50.0
2025-04-17 13:10:00,31.8,61.3,208.5,800.0,50.0
2025-04-17 13:15:00,31.6,63.7,832.7,800.0,50.0
2025-04-17 13:20:00,31.1,67.1,843.6,800.0,50.0
2025-04-17 13:25:00,31.3,65.2,804.4,800.0,50.0
2025-04-17 13:30:00,30.5,67.6,829.3,800.0,50.0
2025-04-17 13:35:00,31.0,61.3,822.2,800.0,50.0
2025-04-17 13:40:00,31.2,65.2,816.7,800.0,50.0
2025-04-17 13:45:00,30.4,65.0,787.8,800.0,50.0
2025-04-17 13:50:00,30.1,67.2,792.4,800.0,50.0
2025-04-17 13:55:00,30.6,62.9,810.9,800.0,50.0
2025-04-17 14:00:00,30.5,68.8,361.5,800.0,50.0
2025-04-17 14:05:00,30.1,70.1,304.8,800.0,50.0
2025-04-17 14:10:00,29.5,63.8,112.2,800.0,50.0
2025-04-17 14:15:00,29.5,66.3,762.5,800.0,50.0
2025-04-17 14:20:00,29.9,65.6,763.7,800.0,50.0
2025-04-17 14:25:00,29.6,68.0,154.9,800.0,50.0
2025-04-17 14:30:00,29.9,66.0,723.5,800.0,50.0
2025-04-17 14:35:00,30.1,68.6,706.2,800.0,50.0
2025-04-17 14:40:00,29.4,70.3,692.1,800.0,50.0
2025-04-17 14:45:00,29.4,68.3,661.5,800.0,50.0
2025-04-17 14:50:00,29.7,68.2,708.2,800.0,50.0
2025-04-17 14:55:00,29.1,69.1,682.2,800.0,50.0
2025-04-17 15:00:00,28.5,70.3,91.7,800.0,50.0
2025-04-17 15:05:00,28.3,71.1,629.9,800.0,50.0
2025-04-17 15:10:00,28.7,71.9,608.6,800.0,50.0
2025-04-17 15:15:00,28.4,70.1,631.7,800.0,50.0
2025-04-17 15:20:00,28.4,69.5,597.6,800.0,50.0
2025-04-17 15:25:00,28.8,66.8,603.9,800.0,50.0
2025-04-17 15:30:00,27.8,71.8,577.6,800.0,50.0
2025-04-17 15:35:00,27.4,72.9,591.2,800.0,50.0
2025-04-17 15:40:00,27.7,73.4,228.2,800.0,50.0
2025-04-17 15:45:00,27.5,73.2,524.0,800.0,50.0
2025-04-17 15:50:00,27.3,70.8,556.6,800.0,50.0
2025-04-17 15:55:00,27.0,74.2,544.2,800.0,50.0
2025-04-17 16:00:00,27.5,79.5,499.6,800.0,50.0
2025-04-17 16:05:00,26.7,83.8,499.4,800.0,50.0
2025-04-17 16:10:00,27.0,86.2,486.1,800.0,50.0
2025-04-17 16:15:00,25.8,84.8,258.8,800.0,50.0
2025-04-17 16:20:00,26.0,85.9,419.9,800.0,50.0
2025-04-17 16:25:00,26.1,87.3,449.8,800.0,50.0
2025-04-17 16:30:00,25.8,84.4,450.9,800.0,50.0
2025-04-17 16:35:00,25.2,83.6,443.1,800.0,50.0
2025-04-17 16:40:00,25.4,90.2,422.1,800.0,50.0
2025-04-17 16:45:00,25.3,82.9,387.2,800.0,50.0
2025-04-17 16:50:00,25.2,85.6,393.6,800.0,50.0
2025-04-17 16:55:00,24.5,88.0,361.8,800.0,50.0
2025-04-17 17:00:00,23.6,87.4,361.2,800.0,50.0
2025-04-17 17:05:00,24.7,88.4,392.1,800.0,50.0
2025-04-17 17:10:00,23.3,88.6,400.2,800.0,50.0
2025-04-17 17:15:00,24.2,91.5,353.5,800.0,50.0
2025-04-17 17:20:00,23.3,87.3,342.2,800.0,50.0
2025-04-17 17:25:00,23.8,91.4,321.4,800.0,50.0
2025-04-17 17:30:00,23.7,91.2,310.6,800.0,50.0
2025-04-17 17:35:00,23.5,88.3,290.1,800.0,50.0
2025-04-17 17:40:00,22.8,93.6,270.9,800.0,50.0
2025-04-17 17:45:00,22.6,89.2,87.4,800.0,50.0
2025-04-17 17:50:00,23.3,91.7,268.9,800.0,50.0
2025-04-17 17:55:00,23.5,93.6,220.5,800.0,50.0
2025-04-17 18:00:00,22.2,85.6,279.4,800.0,50.0
2025-04-17 18:05:00,22.9,84.1,236.2,800.0,50.0
2025-04-17 18:10:00,21.8,86.5,218.4,800.0,50.0
2025-04-17 18:15:00,22.0,88.9,226.9,800.0,50.0
2025-04-17 18:20:00,22.0,86.2,249.9,800.0,50.0
2025-04-17 18:25:00,21.5,88.9,192.5,800.0,50.0
2025-04-17 18:30:00,21.5,87.2,191.0,800.0,50.0
2025-04-17 18:35:00,21.5,84.2,194.2,800.0,50.0
2025-04-17 18:40:00,21.0,89.6,142.4,800.0,50.0
2025-04-17 18:45:00,20.9,88.9,183.4,800.0,50.0
2025-04-17 18:50:00,20.3,90.9,168.3,800.0,50.0
2025-04-17 18:55:00,20.8,88.5,170.0,800.0,50.0
2025-04-17 19:00:00,21.4,87.5,151.9,800.0,50.0
2025-04-17 19:05:00,21.3,91.4,150.7,800.0,50.0
2025-04-17 19:10:00,20.8,87.6,139.3,800.0,50.0
2025-04-17 19:15:00,20.8,92.8,48.0,800.0,50.0
2025-04-17 19:20:00,21.1,91.7,113.9,800.0,50.0
2025-04-17 19:25:00,21.4,95.0,129.7,800.0,50.0
2025-04-17 19:30:00,20.6,92.6,90.8,800.0,50.0
2025-04-17 19:35:00,20.5,92.0,106.4,800.0,50.0
2025-04-17 19:40:00,20.3,92.8,116.2,800.0,50.0
2025-04-17 19:45:00,20.9,93.9,81.9,800.0,50.0
2025-04-17 19:50:00,20.9,94.0,0.7,800.0,50.0
2025-04-17 19:55:00,20.5,94.5,82.3,800.0,50.0
2025-04-17 20:00:00,20.6,94.6,81.3,800.0,50.0
2025-04-17 20:05:00,20.2,94.2,68.8,800.0,50.0
2025-04-17 20:10:00,20.4,95.0,63.0,800.0,50.0
2025-04-17 20:15:00,20.1,93.2,52.9,800.0,50.0
2025-04-17 20:20:00,19.6,94.0,65.2,800.0,50.0
2025-04-17 20:25:00,20.2,95.0,38.2,800.0,50.0
2025-04-17 20:30:00,19.9,94.6,68.5,800.0,50.0
2025-04-17 20:35:00,19.7,94.5,70.8,800.0,50.0
2025-04-17 20:40:00,19.5,95.0,48.3,800.0,50.0
2025-04-17 20:45:00,20.1,95.0,53.7,800.0,50.0
2025-04-17 20:50:00,20.2,92.1,48.9,800.0,50.0
2025-04-17 20:55:00,19.1,95.0,6.8,800.0,50.0
2025-04-17 21:00:00,20.1,95.0,0.0,800.0,50.0
2025-04-17 21:05:00,19.6,95.0,0.0,800.0,50.0
2025-04-17 21:10:00,19.4,92.4,0.0,800.0,50.0
2025-04-17 21:15:00,18.8,95.0,0.0,800.0,50.0
2025-04-17 21:20:00,19.6,95.0,0.0,800.0,50.0
2025-04-17 21:25:00,18.9,95.0,0.0,800.0,50.0
2025-04-17 21:30:00,19.8,95.0,0.0,800.0,50.0
2025-04-17 21:35:00,19.6,95.0,0.0,800.0,50.0
2025-04-17 21:40:00,19.6,95.0,0.0,800.0,50.0
2025-04-17 21:45:00,19.3,95.0,0.0,800.0,50.0
2025-04-17 21:50:00,19.0,95.0,0.0,800.0,50.0
2025-04-17 21:55:00,19.0,95.0,0.0,800.0,50.0
2025-04-17 22:00:00,18.8,95.0,0.0,800.0,50.0
2025-04-17 22:05:00,19.3,95.0,0.0,800.0,50.0
2025-04-17 22:10:00,19.5,95.0,0.0,800.0,50.0
2025-04-17 22:15:00,19.5,95.0,0.0,800.0,50.0
2025-04-17 22:20:00,18.9,95.0,0.0,800.0,50.0
2025-04-17 22:25:00,18.9,95.0,0.0,800.0,50.0
2025-04-17 22:30:00,18.4,95.0,0.0,800.0,50.0
2025-04-17 22:35:00,18.6,95.0,0.0,800.0,50.0
2025-04-17 22:40:00,19.4,95.0,0.0,800.0,50.0
2025-04-17 22:45:00,19.5,95.0,0.0,800.0,50.0
2025-04-17 22:50:00,18.5,95.0,0.0,800.0,50.0
2025-04-17 22:55:00,18.7,95.0,0.0,800.0,50.0
2025-04-17 23:00:00,18.7,95.0,0.0,800.0,50.0
2025-04-17 23:05:00,19.1,95.0,0.0,800.0,50.0
2025-04-17 23:10:00,18.3,95.0,0.0,800.0,50.0
2025-04-17 23:15:00,18.4,95.0,0.0,800.0,50.0
2025-04-17 23:20:00,19.3,95.0,0.0,800.0,50.0
2025-04-17 23:25:00,18.0,95.0,0.0,800.0,50.0
2025-04-17 23:30:00,18.8,95.0,0.0,800.0,50.0
2025-04-17 23:35:00,18.8,95.0,0.0,800.0,50.0
2025-04-17 23:40:00,18.6,95.0,0.0,800.0,50.0
2025-04-17 23:45:00,18.4,95.0,0.0,800.0,50.0
2025-04-17 23:50:00,19.2,95.0,0.0,800.0,50.0
2025-04-17 23:55:00,18.6,95.0,0.0,800.0,50.0
2025-04-18 00:00:00,18.7,95.0,0.0,800.0,50.0
2025-04-18 00:05:00,19.5,95.0,0.0,800.0,50.0
2025-04-18 00:10:00,18.4,95.0,0.0,800.0,50.0
2025-04-18 00:15:00,19.0,95.0,0.0,800.0,50.0
2025-04-18 00:20:00,19.3,95.0,0.0,800.0,50.0
2025-04-18 00:25:00,20.0,95.0,0.0,800.0,50.0
2025-04-18 00:30:00,19.6,95.0,0.0,800.0,50.0
2025-04-18 00:35:00,19.3,95.0,0.0,800.0,50.0
2025-04-18 00:40:00,19.7,95.0,0.0,800.0,50.0
2025-04-18 00:45:00,20.1,94.8,0.0,800.0,50.0
2025-04-18 00:50:00,19.0,95.0,0.0,800.0,50.0
2025-04-18 00:55:00,20.3,95.0,0.0,800.0,50.0
2025-04-18 01:00:00,19.6,95.0,0.0,800.0,50.0
2025-04-18 01:05:00,19.5,94.7,0.0,800.0,50.0
2025-04-18 01:10:00,19.5,95.0,0.0,800.0,50.0
2025-04-18 01:15:00,19.8,95.0,0.0,800.0,50.0
2025-04-18 01:20:00,20.1,95.0,0.0,800.0,50.0
2025-04-18 01:25:00,19.9,94.4,0.0,800.0,50.0
2025-04-18 01:30:00,19.7,95.0,0.0,800.0,50.0
2025-04-18 01:35:00,20.4,95.0,0.0,800.0,50.0
2025-04-18 01:40:00,19.8,95.0,0.0,800.0,50.0
2025-04-18 01:45:00,20.6,95.0,0.0,800.0,50.0
2025-04-18 01:50:00,20.9,91.8,0.0,800.0,50.0
2025-04-18 01:55:00,19.8,92.4,0.0,800.0,50.0
2025-04-18 02:00:00,20.0,94.8,0.0,800.0,50.0
2025-04-18 02:05:00,20.2,95.0,0.0,800.0,50.0
2025-04-18 02:10:00,21.3,93.5,0.0,800.0,50.0
2025-04-18 02:15:00,21.4,95.0,0.0,800.0,50.0
2025-04-18 02:20:00,20.5,88.8,0.0,800.0,50.0
2025-04-18 02:25:00,20.7,91.2,0.0,800.0,50.0
2025-04-18 02:30:00,20.9,92.4,0.0,800.0,50.0
2025-04-18 02:35:00,21.0,92.9,0.0,800.0,50.0
2025-04-18 02:40:00,20.5,92.3,0.0,800.0,50.0
2025-04-18 02:45:00,20.9,91.5,0.0,800.0,50.0
2025-04-18 02:50:00,21.6,88.3,0.0,800.0,50.0
2025-04-18 02:55:00,21.2,90.1,0.0,800.0,50.0
2025-04-18 03:00:00,21.2,91.8,0.0,800.0,50.0
2025-04-18 03:05:00,21.2,88.5,0.0,800.0,50.0
2025-04-18 03:10:00,21.3,91.4,0.0,800.0,50.0
2025-04-18 03:15:00,21.5,89.8,0.0,800.0,50.0
2025-04-18 03:20:00,22.6,88.3,0.0,800.0,50.0
2025-04-18 03:25:00,22.3,91.4,0.0,800.0,50.0
2025-04-18 03:30:00,22.4,87.6,0.0,800.0,50.0
2025-04-18 03:35:00,22.3,84.7,0.0,800.0,50.0
2025-04-18 03:40:00,21.9,85.6,0.0,800.0,50.0
2025-04-18 03:45:00,23.2,84.8,0.0,800.0,50.0
2025-04-18 03:50:00,22.1,83.9,0.0,800.0,50.0
2025-04-18 03:55:00,22.7,85.9,0.0,800.0,50.0
2025-04-18 04:00:00,23.0,86.5,0.0,800.0,50.0
2025-04-18 04:05:00,22.2,83.1,0.0,800.0,50.0
2025-04-18 04:10:00,23.4,83.9,0.0,800.0,50.0
2025-04-18 04:15:00,23.4,83.6,0.0,800.0,50.0
2025-04-18 04:20:00,22.6,82.9,0.0,800.0,50.0
2025-04-18 04:25:00,22.8,81.9,0.0,800.0,50.0
2025-04-18 04:30:00,23.3,83.6,0.0,800.0,50.0
2025-04-18 04:35:00,22.7,82.1,0.0,800.0,50.0
2025-04-18 04:40:00,23.2,80.4,0.0,800.0,50.0
2025-04-18 04:45:00,23.6,80.2,0.0,800.0,50.0
2025-04-18 04:50:00,24.2,83.2,0.0,800.0,50.0
2025-04-18 04:55:00,24.3,79.4,0.0,800.0,50.0
2025-04-18 05:00:00,23.5,80.2,0.0,800.0,50.0
2025-04-18 05:05:00,23.9,78.3,0.0,800.0,50.0
2025-04-18 05:10:00,23.6,79.0,0.0,800.0,50.0
2025-04-18 05:15:00,24.1,80.1,0.0,800.0,50.0
2025-04-18 05:20:00,24.6,80.5,0.0,800.0,50.0
2025-04-18 05:25:00,23.9,78.6,0.0,800.0,50.0
2025-04-18 05:30:00,24.3,74.9,0.0,800.0,50.0
2025-04-18 05:35:00,24.5,79.1,0.0,800.0,50.0
2025-04-18 05:40:00,24.6,79.7,0.0,800.0,50.0
2025-04-18 05:45:00,25.1,75.3,0.0,800.0,50.0
2025-04-18 05:50:00,25.4,76.6,0.0,800.0,50.0
2025-04-18 05:55:00,24.7,79.0,0.0,800.0,50.0
2025-04-18 06:00:00,25.3,74.9,166.1,800.0,50.0
2025-04-18 06:05:00,25.1,73.6,37.4,800.0,50.0
2025-04-18 06:10:00,25.0,73.4,144.1,800.0,50.0
2025-04-18 06:15:00,25.7,72.5,174.9,800.0,50.0
2025-04-18 06:20:00,26.1,75.1,172.3,800.0,50.0
2025-04-18 06:25:00,26.1,80.3,73.9,800.0,50.0
2025-04-18 06:30:00,25.9,81.8,196.6,800.0,50.0
2025-04-18 06:35:00,26.4,77.0,189.8,800.0,50.0
2025-04-18 06:40:00,25.2,75.9,217.2,800.0,50.0
2025-04-18 06:45:00,26.6,74.9,206.9,800.0,50.0
2025-04-18 06:50:00,26.3,76.5,218.6,800.0,50.0
2025-04-18 06:55:00,26.0,75.9,214.8,800.0,50.0
2025-04-18 07:00:00,26.7,88.1,243.4,800.0,50.0
2025-04-18 07:05:00,26.7,87.8,244.7,800.0,50.0
2025-04-18 07:10:00,26.4,88.4,267.8,800.0,50.0
2025-04-18 07:15:00,26.5,84.9,297.1,800.0,50.0
2025-04-18 07:20:00,27.3,86.7,273.1,800.0,50.0
2025-04-18 07:25:00,26.5,85.8,129.2,800.0,50.0
2025-04-18 07:30:00,26.7,86.6,306.6,800.0,50.0
2025-04-18 07:35:00,28.0,87.1,313.2,800.0,50.0
2025-04-18 07:40:00,26.9,84.3,352.7,800.0,50.0
2025-04-18 07:45:00,27.8,85.8,320.7,800.0,50.0
2025-04-18 07:50:00,27.7,82.9,356.6,800.0,50.0
2025-04-18 07:55:00,27.4,82.0,359.2,800.0,50.0
2025-04-18 08:00:00,26.6,85.1,151.1,800.0,50.0
2025-04-18 08:05:00,27.7,79.5,370.7,800.0,50.0
2025-04-18 08:10:00,28.3,81.1,378.9,800.0,50.0
2025-04-18 08:15:00,27.4,80.3,406.7,800.0,50.0
2025-04-18 08:20:00,28.0,77.9,389.4,800.0,50.0
2025-04-18 08:25:00,27.5,83.2,452.1,800.0,50.0
2025-04-18 08:30:00,28.7,77.0,426.3,800.0,50.0
2025-04-18 08:35:00,28.1,79.9,432.1,800.0,50.0
2026-04-17 22:16:59,18.6,72.0,1250.0,800.0,50.0
2026-04-17 22:20:01,18.6,72.0,1250.0,800.0,50.0
2026-04-17 22:25:00,18.6,72.0,1250.0,800.0,50.0
2026-04-18 12:38:27,18.6,72.0,1250.0,800.0,50.0
2026-04-18 13:19:42,18.6,72.0,1250.0,800.0,50.0
2026-04-18 13:20:45,18.6,72.0,1250.0,800.0,50.0
2026-04-18 13:34:55,18.6,72.0,1250.0,800.0,50.0
2026-04-22 20:11:12,18.6,72.0,1250.0,800.0,50.0
2026-04-22 20:19:30,18.6,72.0,1250.0,800.0,50.0
2026-04-22 20:25:42,18.6,72.0,1250.0,800.0,50.0
2026-04-22 20:28:57,18.6,72.0,1250.0,800.0,50.0
2026-04-22 20:35:47,18.6,72.0,1250.0,800.0,50.0
2026-04-22 20:42:50,18.6,72.0,1250.0,800.0,50.0
2026-05-09 21:12:21,21.8,59.0,1250.0,800.0,50.0
